2026-09-28 23:11:52,512 - aiosqlite - DEBUG - core.py:62 - executing <function connect.<locals>.connector at 0x00000246D0CFA340>
2026-09-28 23:11:52,515 - aiosqlite - DEBUG - core.py:67 - operation <function connect.<locals>.connector at 0x00000246D0CFA340> completed
2026-09-28 23:11:52,516 - aiosqlite - DEBUG - core.py:62 - executing functools.partial(<built-in method create_function of sqlite3.Connection object at 0x00000246D0C04A90>, 'regexp', 2, <function SQLiteDialect_pysqlite.on_connect.<locals>.regexp at 0x00000246D0CF9620>, deterministic=True)
2026-09-28 23:11:52,516 - aiosqlite - DEBUG - core.py:67 - operation functools.partial(<built-in method create_function of sqlite3.Connection object at 0x00000246D0C04A90>, 'regexp', 2, <function SQLiteDialect_pysqlite.on_connect.<locals>.regexp at 0x00000246D0CF9620>, deterministic=True) completed
2026-09-28 23:11:52,516 - aiosqlite - DEBUG - core.py:62 - executing functools.partial(<built-in method create_function of sqlite3.Connection object at 0x00000246D0C04A90>, 'floor', 1, <built-in function floor>, deterministic=True)
2026-09-28 23:11:52,517 - aiosqlite - DEBUG - core.py:67 - operation functools.partial(<built-in method create_function of sqlite3.Connection object at 0x00000246D0C04A90>, 'floor', 1, <built-in function floor>, deterministic=True) completed
2026-09-28 23:11:52,517 - aiosqlite - DEBUG - core.py:62 - executing functools.partial(<built-in method cursor of sqlite3.Connection object at 0x00000246D0C04A90>)
2026-09-28 23:11:52,517 - aiosqlite - DEBUG - core.py:67 - operation functools.partial(<built-in method cursor of sqlite3.Connection object at 0x00000246D0C04A90>) completed
2026-09-28 23:11:52,517 - aiosqlite - DEBUG - core.py:62 - executing functools.partial(<built-in method execute of sqlite3.Cursor object at 0x00000246D0C5A8C0>, 'PRAGMA read_uncommitted', [])
2026-09-28 23:11:52,520 - aiosqlite - DEBUG - core.py:67 - operation functools.partial(<built-in method execute of sqlite3.Cursor object at 0x00000246D0C5A8C0>, 'PRAGMA read_uncommitted', []) completed
2026-09-28 23:11:52,520 - aiosqlite - DEBUG - core.py:62 - executing functools.partial(<built-in method fetchall of sqlite3.Cursor object at 0x00000246D0C5A8C0>)
2026-09-28 23:11:52,520 - aiosqlite - DEBUG - core.py:67 - operation functools.partial(<built-in method fetchall of sqlite3.Cursor object at 0x00000246D0C5A8C0>) completed
2026-09-28 23:11:52,521 - aiosqlite - DEBUG - core.py:62 - executing functools.partial(<built-in method close of sqlite3.Cursor object at 0x00000246D0C5A8C0>)
2026-09-28 23:11:52,521 - aiosqlite - DEBUG - core.py:67 - operation functools.partial(<built-in method close of sqlite3.Cursor object at 0x00000246D0C5A8C0>) completed
2026-09-28 23:11:52,521 - aiosqlite - DEBUG - core.py:62 - executing functools.partial(<built-in method rollback of sqlite3.Connection object at 0x00000246D0C04A90>)
2026-09-28 23:11:52,521 - aiosqlite - DEBUG - core.py:67 - operation functools.partial(<built-in method rollback of sqlite3.Connection object at 0x00000246D0C04A90>) completed
2026-09-28 23:11:52,522 - aiosqlite - DEBUG - core.py:62 - executing functools.partial(<built-in method cursor of sqlite3.Connection object at 0x00000246D0C04A90>)
2026-09-28 23:11:52,522 - aiosqlite - DEBUG - core.py:67 - operation functools.partial(<built-in method cursor of sqlite3.Connection object at 0x00000246D0C04A90>) completed
2026-09-28 23:11:52,522 - sqlalchemy.engine.Engine - INFO - base.py:2679 - BEGIN (implicit)
2026-09-28 23:11:52,522 - sqlalchemy.engine.Engine - INFO - base.py:1822 - SELECT 1
2026-09-28 23:11:52,523 - sqlalchemy.engine.Engine - INFO - base.py:1822 - [generated in 0.00092s] ()
2026-09-28 23:11:52,523 - aiosqlite - DEBUG - core.py:62 - executing functools.partial(<built-in method execute of sqlite3.Cursor object at 0x00000246D0C16AC0>, 'SELECT 1', ())
2026-09-28 23:11:52,525 - aiosqlite - DEBUG - core.py:67 - operation functools.partial(<built-in method execute of sqlite3.Cursor object at 0x00000246D0C16AC0>, 'SELECT 1', ()) completed
2026-09-28 23:11:52,525 - aiosqlite - DEBUG - core.py:62 - executing functools.partial(<built-in method fetchall of sqlite3.Cursor object at 0x00000246D0C16AC0>)
2026-09-28 23:11:52,526 - aiosqlite - DEBUG - core.py:67 - operation functools.partial(<built-in method fetchall of sqlite3.Cursor object at 0x00000246D0C16AC0>) completed
2026-09-28 23:11:52,526 - aiosqlite - DEBUG - core.py:62 - executing functools.partial(<built-in method close of sqlite3.Cursor object at 0x00000246D0C16AC0>)
2026-09-28 23:11:52,526 - aiosqlite - DEBUG - core.py:67 - operation functools.partial(<built-in method close of sqlite3.Cursor object at 0x00000246D0C16AC0>) completed
2026-09-28 23:11:52,527 - sqlalchemy.engine.Engine - INFO - base.py:2682 - ROLLBACK
2026-09-28 23:11:52,527 - aiosqlite - DEBUG - core.py:62 - executing functools.partial(<built-in method rollback of sqlite3.Connection object at 0x00000246D0C04A90>)
2026-09-28 23:11:52,527 - aiosqlite - DEBUG - core.py:67 - operation functools.partial(<built-in method rollback of sqlite3.Connection object at 0x00000246D0C04A90>) completed
2026-09-28 23:11:52,527 - core.database - INFO - database.py:119 - 异步数据库连接池创建成功: sqlite+aiosqlite:///./data/smoke_hub.db
2026-09-28 23:11:52,527 - sqlalchemy.engine.Engine - INFO - base.py:2679 - BEGIN (implicit)
2026-09-28 23:11:52,528 - aiosqlite - DEBUG - core.py:62 - executing functools.partial(<built-in method cursor of sqlite3.Connection object at 0x00000246D0C04A90>)
2026-09-28 23:11:52,528 - aiosqlite - DEBUG - core.py:67 - operation functools.partial(<built-in method cursor of sqlite3.Connection object at 0x00000246D0C04A90>) completed
2026-09-28 23:11:52,528 - sqlalchemy.engine.Engine - INFO - base.py:1822 - PRAGMA main.table_info("article")
2026-09-28 23:11:52,529 - sqlalchemy.engine.Engine - INFO - base.py:1822 - [raw sql] ()
2026-09-28 23:11:52,529 - aiosqlite - DEBUG - core.py:62 - executing functools.partial(<built-in method execute of sqlite3.Cursor object at 0x00000246D0C592C0>, 'PRAGMA main.table_info("article")', ())
2026-09-28 23:11:52,529 - aiosqlite - DEBUG - core.py:67 - operation functools.partial(<built-in method execute of sqlite3.Cursor object at 0x00000246D0C592C0>, 'PRAGMA main.table_info("article")', ()) completed
2026-09-28 23:11:52,530 - aiosqlite - DEBUG - core.py:62 - executing functools.partial(<built-in method fetchall of sqlite3.Cursor object at 0x00000246D0C592C0>)
2026-09-28 23:11:52,530 - aiosqlite - DEBUG - core.py:67 - operation functools.partial(<built-in method fetchall of sqlite3.Cursor object at 0x00000246D0C592C0>) completed
2026-09-28 23:11:52,530 - aiosqlite - DEBUG - core.py:62 - executing functools.partial(<built-in method close of sqlite3.Cursor object at 0x00000246D0C592C0>)
2026-09-28 23:11:52,530 - aiosqlite - DEBUG - core.py:67 - operation functools.partial(<built-in method close of sqlite3.Cursor object at 0x00000246D0C592C0>) completed
2026-09-28 23:11:52,530 - aiosqlite - DEBUG - core.py:62 - executing functools.partial(<built-in method cursor of sqlite3.Connection object at 0x00000246D0C04A90>)
2026-09-28 23:11:52,530 - aiosqlite - DEBUG - core.py:67 - operation functools.partial(<built-in method cursor of sqlite3.Connection object at 0x00000246D0C04A90>) completed
2026-09-28 23:11:52,530 - sqlalchemy.engine.Engine - INFO - base.py:1822 - PRAGMA temp.table_info("article")
2026-09-28 23:11:52,531 - sqlalchemy.engine.Engine - INFO - base.py:1822 - [raw sql] ()
2026-09-28 23:11:52,531 - aiosqlite - DEBUG - core.py:62 - executing functools.partial(<built-in method execute of sqlite3.Cursor object at 0x00000246CEC5DAC0>, 'PRAGMA temp.table_info("article")', ())
2026-09-28 23:11:52,531 - aiosqlite - DEBUG - core.py:67 - operation functools.partial(<built-in method execute of sqlite3.Cursor object at 0x00000246CEC5DAC0>, 'PRAGMA temp.table_info("article")', ()) completed
2026-09-28 23:11:52,531 - aiosqlite - DEBUG - core.py:62 - executing functools.partial(<built-in method fetchall of sqlite3.Cursor object at 0x00000246CEC5DAC0>)
2026-09-28 23:11:52,531 - aiosqlite - DEBUG - core.py:67 - operation functools.partial(<built-in method fetchall of sqlite3.Cursor object at 0x00000246CEC5DAC0>) completed
2026-09-28 23:11:52,531 - aiosqlite - DEBUG - core.py:62 - executing functools.partial(<built-in method close of sqlite3.Cursor object at 0x00000246CEC5DAC0>)
2026-09-28 23:11:52,532 - aiosqlite - DEBUG - core.py:67 - operation functools.partial(<built-in method close of sqlite3.Cursor object at 0x00000246CEC5DAC0>) completed
2026-09-28 23:11:52,532 - aiosqlite - DEBUG - core.py:62 - executing functools.partial(<built-in method cursor of sqlite3.Connection object at 0x00000246D0C04A90>)
2026-09-28 23:11:52,532 - aiosqlite - DEBUG - core.py:67 - operation functools.partial(<built-in method cursor of sqlite3.Connection object at 0x00000246D0C04A90>) completed
2026-09-28 23:11:52,532 - sqlalchemy.engine.Engine - INFO - base.py:1822 - PRAGMA main.table_info("publication")
2026-09-28 23:11:52,532 - sqlalchemy.engine.Engine - INFO - base.py:1822 - [raw sql] ()
2026-09-28 23:11:52,532 - aiosqlite - DEBUG - core.py:62 - executing functools.partial(<built-in method execute of sqlite3.Cursor object at 0x00000246D0C592C0>, 'PRAGMA main.table_info("publication")', ())
2026-09-28 23:11:52,532 - aiosqlite - DEBUG - core.py:67 - operation functools.partial(<built-in method execute of sqlite3.Cursor object at 0x00000246D0C592C0>, 'PRAGMA main.table_info("publication")', ()) completed
2026-09-28 23:11:52,533 - aiosqlite - DEBUG - core.py:62 - executing functools.partial(<built-in method fetchall of sqlite3.Cursor object at 0x00000246D0C592C0>)
2026-09-28 23:11:52,533 - aiosqlite - DEBUG - core.py:67 - operation functools.partial(<built-in method fetchall of sqlite3.Cursor object at 0x00000246D0C592C0>) completed
2026-09-28 23:11:52,533 - aiosqlite - DEBUG - core.py:62 - executing functools.partial(<built-in method close of sqlite3.Cursor object at 0x00000246D0C592C0>)
2026-09-28 23:11:52,533 - aiosqlite - DEBUG - core.py:67 - operation functools.partial(<built-in method close of sqlite3.Cursor object at 0x00000246D0C592C0>) completed
2026-09-28 23:11:52,533 - aiosqlite - DEBUG - core.py:62 - executing functools.partial(<built-in method cursor of sqlite3.Connection object at 0x00000246D0C04A90>)
2026-09-28 23:11:52,533 - aiosqlite - DEBUG - core.py:67 - operation functools.partial(<built-in method cursor of sqlite3.Connection object at 0x00000246D0C04A90>) completed
2026-09-28 23:11:52,533 - sqlalchemy.engine.Engine - INFO - base.py:1822 - PRAGMA temp.table_info("publication")
2026-09-28 23:11:52,533 - sqlalchemy.engine.Engine - INFO - base.py:1822 - [raw sql] ()
2026-09-28 23:11:52,534 - aiosqlite - DEBUG - core.py:62 - executing functools.partial(<built-in method execute of sqlite3.Cursor object at 0x00000246CEC5DAC0>, 'PRAGMA temp.table_info("publication")', ())
2026-09-28 23:11:52,534 - aiosqlite - DEBUG - core.py:67 - operation functools.partial(<built-in method execute of sqlite3.Cursor object at 0x00000246CEC5DAC0>, 'PRAGMA temp.table_info("publication")', ()) completed
2026-09-28 23:11:52,534 - aiosqlite - DEBUG - core.py:62 - executing functools.partial(<built-in method fetchall of sqlite3.Cursor object at 0x00000246CEC5DAC0>)
2026-09-28 23:11:52,534 - aiosqlite - DEBUG - core.py:67 - operation functools.partial(<built-in method fetchall of sqlite3.Cursor object at 0x00000246CEC5DAC0>) completed
2026-09-28 23:11:52,534 - aiosqlite - DEBUG - core.py:62 - executing functools.partial(<built-in method close of sqlite3.Cursor object at 0x00000246CEC5DAC0>)
2026-09-28 23:11:52,534 - aiosqlite - DEBUG - core.py:67 - operation functools.partial(<built-in method close of sqlite3.Cursor object at 0x00000246CEC5DAC0>) completed
2026-09-28 23:11:52,534 - aiosqlite - DEBUG - core.py:62 - executing functools.partial(<built-in method cursor of sqlite3.Connection object at 0x00000246D0C04A90>)
2026-09-28 23:11:52,534 - aiosqlite - DEBUG - core.py:67 - operation functools.partial(<built-in method cursor of sqlite3.Connection object at 0x00000246D0C04A90>) completed
2026-09-28 23:11:52,535 - sqlalchemy.engine.Engine - INFO - base.py:1822 - PRAGMA main.table_info("account")
2026-09-28 23:11:52,535 - sqlalchemy.engine.Engine - INFO - base.py:1822 - [raw sql] ()
2026-09-28 23:11:52,535 - aiosqlite - DEBUG - core.py:62 - executing functools.partial(<built-in method execute of sqlite3.Cursor object at 0x00000246CEC5DAC0>, 'PRAGMA main.table_info("account")', ())
2026-09-28 23:11:52,535 - aiosqlite - DEBUG - core.py:67 - operation functools.partial(<built-in method execute of sqlite3.Cursor object at 0x00000246CEC5DAC0>, 'PRAGMA main.table_info("account")', ()) completed
2026-09-28 23:11:52,535 - aiosqlite - DEBUG - core.py:62 - executing functools.partial(<built-in method fetchall of sqlite3.Cursor object at 0x00000246CEC5DAC0>)
2026-09-28 23:11:52,535 - aiosqlite - DEBUG - core.py:67 - operation functools.partial(<built-in method fetchall of sqlite3.Cursor object at 0x00000246CEC5DAC0>) completed
2026-09-28 23:11:52,535 - aiosqlite - DEBUG - core.py:62 - executing functools.partial(<built-in method close of sqlite3.Cursor object at 0x00000246CEC5DAC0>)
2026-09-28 23:11:52,535 - aiosqlite - DEBUG - core.py:67 - operation functools.partial(<built-in method close of sqlite3.Cursor object at 0x00000246CEC5DAC0>) completed
2026-09-28 23:11:52,536 - aiosqlite - DEBUG - core.py:62 - executing functools.partial(<built-in method cursor of sqlite3.Connection object at 0x00000246D0C04A90>)
2026-09-28 23:11:52,536 - aiosqlite - DEBUG - core.py:67 - operation functools.partial(<built-in method cursor of sqlite3.Connection object at 0x00000246D0C04A90>) completed
2026-09-28 23:11:52,536 - sqlalchemy.engine.Engine - INFO - base.py:1822 - PRAGMA temp.table_info("account")
2026-09-28 23:11:52,536 - sqlalchemy.engine.Engine - INFO - base.py:1822 - [raw sql] ()
2026-09-28 23:11:52,536 - aiosqlite - DEBUG - core.py:62 - executing functools.partial(<built-in method execute of sqlite3.Cursor object at 0x00000246D0C5A8C0>, 'PRAGMA temp.table_info("account")', ())
2026-09-28 23:11:52,536 - aiosqlite - DEBUG - core.py:67 - operation functools.partial(<built-in method execute of sqlite3.Cursor object at 0x00000246D0C5A8C0>, 'PRAGMA temp.table_info("account")', ()) completed
2026-09-28 23:11:52,536 - aiosqlite - DEBUG - core.py:62 - executing functools.partial(<built-in method fetchall of sqlite3.Cursor object at 0x00000246D0C5A8C0>)
2026-09-28 23:11:52,537 - aiosqlite - DEBUG - core.py:67 - operation functools.partial(<built-in method fetchall of sqlite3.Cursor object at 0x00000246D0C5A8C0>) completed
2026-09-28 23:11:52,537 - aiosqlite - DEBUG - core.py:62 - executing functools.partial(<built-in method close of sqlite3.Cursor object at 0x00000246D0C5A8C0>)
2026-09-28 23:11:52,537 - aiosqlite - DEBUG - core.py:67 - operation functools.partial(<built-in method close of sqlite3.Cursor object at 0x00000246D0C5A8C0>) completed
2026-09-28 23:11:52,537 - aiosqlite - DEBUG - core.py:62 - executing functools.partial(<built-in method cursor of sqlite3.Connection object at 0x00000246D0C04A90>)
2026-09-28 23:11:52,537 - aiosqlite - DEBUG - core.py:67 - operation functools.partial(<built-in method cursor of sqlite3.Connection object at 0x00000246D0C04A90>) completed
2026-09-28 23:11:52,537 - sqlalchemy.engine.Engine - INFO - base.py:1822 - PRAGMA main.table_info("job")
2026-09-28 23:11:52,537 - sqlalchemy.engine.Engine - INFO - base.py:1822 - [raw sql] ()
2026-09-28 23:11:52,537 - aiosqlite - DEBUG - core.py:62 - executing functools.partial(<built-in method execute of sqlite3.Cursor object at 0x00000246D0C5AB40>, 'PRAGMA main.table_info("job")', ())
2026-09-28 23:11:52,538 - aiosqlite - DEBUG - core.py:67 - operation functools.partial(<built-in method execute of sqlite3.Cursor object at 0x00000246D0C5AB40>, 'PRAGMA main.table_info("job")', ()) completed
2026-09-28 23:11:52,538 - aiosqlite - DEBUG - core.py:62 - executing functools.partial(<built-in method fetchall of sqlite3.Cursor object at 0x00000246D0C5AB40>)
2026-09-28 23:11:52,538 - aiosqlite - DEBUG - core.py:67 - operation functools.partial(<built-in method fetchall of sqlite3.Cursor object at 0x00000246D0C5AB40>) completed
2026-09-28 23:11:52,538 - aiosqlite - DEBUG - core.py:62 - executing functools.partial(<built-in method close of sqlite3.Cursor object at 0x00000246D0C5AB40>)
2026-09-28 23:11:52,538 - aiosqlite - DEBUG - core.py:67 - operation functools.partial(<built-in method close of sqlite3.Cursor object at 0x00000246D0C5AB40>) completed
2026-09-28 23:11:52,538 - aiosqlite - DEBUG - core.py:62 - executing functools.partial(<built-in method cursor of sqlite3.Connection object at 0x00000246D0C04A90>)
2026-09-28 23:11:52,539 - aiosqlite - DEBUG - core.py:67 - operation functools.partial(<built-in method cursor of sqlite3.Connection object at 0x00000246D0C04A90>) completed
2026-09-28 23:11:52,539 - sqlalchemy.engine.Engine - INFO - base.py:1822 - PRAGMA temp.table_info("job")
2026-09-28 23:11:52,539 - sqlalchemy.engine.Engine - INFO - base.py:1822 - [raw sql] ()
2026-09-28 23:11:52,539 - aiosqlite - DEBUG - core.py:62 - executing functools.partial(<built-in method execute of sqlite3.Cursor object at 0x00000246D0C5A8C0>, 'PRAGMA temp.table_info("job")', ())
2026-09-28 23:11:52,539 - aiosqlite - DEBUG - core.py:67 - operation functools.partial(<built-in method execute of sqlite3.Cursor object at 0x00000246D0C5A8C0>, 'PRAGMA temp.table_info("job")', ()) completed
2026-09-28 23:11:52,539 - aiosqlite - DEBUG - core.py:62 - executing functools.partial(<built-in method fetchall of sqlite3.Cursor object at 0x00000246D0C5A8C0>)
2026-09-28 23:11:52,539 - aiosqlite - DEBUG - core.py:67 - operation functools.partial(<built-in method fetchall of sqlite3.Cursor object at 0x00000246D0C5A8C0>) completed
2026-09-28 23:11:52,539 - aiosqlite - DEBUG - core.py:62 - executing functools.partial(<built-in method close of sqlite3.Cursor object at 0x00000246D0C5A8C0>)
2026-09-28 23:11:52,540 - aiosqlite - DEBUG - core.py:67 - operation functools.partial(<built-in method close of sqlite3.Cursor object at 0x00000246D0C5A8C0>) completed
2026-09-28 23:11:52,540 - aiosqlite - DEBUG - core.py:62 - executing functools.partial(<built-in method cursor of sqlite3.Connection object at 0x00000246D0C04A90>)
2026-09-28 23:11:52,540 - aiosqlite - DEBUG - core.py:67 - operation functools.partial(<built-in method cursor of sqlite3.Connection object at 0x00000246D0C04A90>) completed
2026-09-28 23:11:52,540 - sqlalchemy.engine.Engine - INFO - base.py:1822 - PRAGMA main.table_info("task")
2026-09-28 23:11:52,540 - sqlalchemy.engine.Engine - INFO - base.py:1822 - [raw sql] ()
2026-09-28 23:11:52,540 - aiosqlite - DEBUG - core.py:62 - executing functools.partial(<built-in method execute of sqlite3.Cursor object at 0x00000246D0C5AB40>, 'PRAGMA main.table_info("task")', ())
2026-09-28 23:11:52,540 - aiosqlite - DEBUG - core.py:67 - operation functools.partial(<built-in method execute of sqlite3.Cursor object at 0x00000246D0C5AB40>, 'PRAGMA main.table_info("task")', ()) completed
2026-09-28 23:11:52,540 - aiosqlite - DEBUG - core.py:62 - executing functools.partial(<built-in method fetchall of sqlite3.Cursor object at 0x00000246D0C5AB40>)
2026-09-28 23:11:52,541 - aiosqlite - DEBUG - core.py:67 - operation functools.partial(<built-in method fetchall of sqlite3.Cursor object at 0x00000246D0C5AB40>) completed
2026-09-28 23:11:52,541 - aiosqlite - DEBUG - core.py:62 - executing functools.partial(<built-in method close of sqlite3.Cursor object at 0x00000246D0C5AB40>)
2026-09-28 23:11:52,541 - aiosqlite - DEBUG - core.py:67 - operation functools.partial(<built-in method close of sqlite3.Cursor object at 0x00000246D0C5AB40>) completed
2026-09-28 23:11:52,541 - aiosqlite - DEBUG - core.py:62 - executing functools.partial(<built-in method cursor of sqlite3.Connection object at 0x00000246D0C04A90>)
2026-09-28 23:11:52,541 - aiosqlite - DEBUG - core.py:67 - operation functools.partial(<built-in method cursor of sqlite3.Connection object at 0x00000246D0C04A90>) completed
2026-09-28 23:11:52,541 - sqlalchemy.engine.Engine - INFO - base.py:1822 - PRAGMA temp.table_info("task")
2026-09-28 23:11:52,541 - sqlalchemy.engine.Engine - INFO - base.py:1822 - [raw sql] ()
2026-09-28 23:11:52,541 - aiosqlite - DEBUG - core.py:62 - executing functools.partial(<built-in method execute of sqlite3.Cursor object at 0x00000246D0C5A8C0>, 'PRAGMA temp.table_info("task")', ())
2026-09-28 23:11:52,542 - aiosqlite - DEBUG - core.py:67 - operation functools.partial(<built-in method execute of sqlite3.Cursor object at 0x00000246D0C5A8C0>, 'PRAGMA temp.table_info("task")', ()) completed
2026-09-28 23:11:52,542 - aiosqlite - DEBUG - core.py:62 - executing functools.partial(<built-in method fetchall of sqlite3.Cursor object at 0x00000246D0C5A8C0>)
2026-09-28 23:11:52,542 - aiosqlite - DEBUG - core.py:67 - operation functools.partial(<built-in method fetchall of sqlite3.Cursor object at 0x00000246D0C5A8C0>) completed
2026-09-28 23:11:52,542 - aiosqlite - DEBUG - core.py:62 - executing functools.partial(<built-in method close of sqlite3.Cursor object at 0x00000246D0C5A8C0>)
2026-09-28 23:11:52,542 - aiosqlite - DEBUG - core.py:67 - operation functools.partial(<built-in method close of sqlite3.Cursor object at 0x00000246D0C5A8C0>) completed
2026-09-28 23:11:52,543 - aiosqlite - DEBUG - core.py:62 - executing functools.partial(<built-in method cursor of sqlite3.Connection object at 0x00000246D0C04A90>)
2026-09-28 23:11:52,543 - aiosqlite - DEBUG - core.py:67 - operation functools.partial(<built-in method cursor of sqlite3.Connection object at 0x00000246D0C04A90>) completed
2026-09-28 23:11:52,543 - sqlalchemy.engine.Engine - INFO - base.py:1822 - 
CREATE TABLE article (
	id INTEGER NOT NULL, 
	title VARCHAR(512) NOT NULL, 
	content_md TEXT NOT NULL, 
	summary TEXT, 
	tags VARCHAR(255), 
	cover VARCHAR(512), 
	status VARCHAR(20) NOT NULL, 
	source VARCHAR(20), 
	ai_model VARCHAR(100), 
	origin_url VARCHAR(512), 
	ext TEXT, 
	created_at DATETIME, 
	updated_at DATETIME, 
	PRIMARY KEY (id)
)


2026-09-28 23:11:52,543 - sqlalchemy.engine.Engine - INFO - base.py:1822 - [no key 0.00052s] ()
2026-09-28 23:11:52,544 - aiosqlite - DEBUG - core.py:62 - executing functools.partial(<built-in method execute of sqlite3.Cursor object at 0x00000246D0C5AB40>, '\nCREATE TABLE article (\n\tid INTEGER NOT NULL, \n\ttitle VARCHAR(512) NOT NULL, \n\tcontent_md TEXT NOT NULL, \n\tsummary TEXT, \n\ttags VARCHAR(255), \n\tcover VARCHAR(512), \n\tstatus VARCHAR(20) NOT NULL, \n\tsource VARCHAR(20), \n\tai_model VARCHAR(100), \n\torigin_url VARCHAR(512), \n\text TEXT, \n\tcreated_at DATETIME, \n\tupdated_at DATETIME, \n\tPRIMARY KEY (id)\n)\n\n', ())
2026-09-28 23:11:52,547 - aiosqlite - DEBUG - core.py:67 - operation functools.partial(<built-in method execute of sqlite3.Cursor object at 0x00000246D0C5AB40>, '\nCREATE TABLE article (\n\tid INTEGER NOT NULL, \n\ttitle VARCHAR(512) NOT NULL, \n\tcontent_md TEXT NOT NULL, \n\tsummary TEXT, \n\ttags VARCHAR(255), \n\tcover VARCHAR(512), \n\tstatus VARCHAR(20) NOT NULL, \n\tsource VARCHAR(20), \n\tai_model VARCHAR(100), \n\torigin_url VARCHAR(512), \n\text TEXT, \n\tcreated_at DATETIME, \n\tupdated_at DATETIME, \n\tPRIMARY KEY (id)\n)\n\n', ()) completed
2026-09-28 23:11:52,547 - aiosqlite - DEBUG - core.py:62 - executing functools.partial(<built-in method cursor of sqlite3.Connection object at 0x00000246D0C04A90>)
2026-09-28 23:11:52,547 - aiosqlite - DEBUG - core.py:67 - operation functools.partial(<built-in method cursor of sqlite3.Connection object at 0x00000246D0C04A90>) completed
2026-09-28 23:11:52,547 - sqlalchemy.engine.Engine - INFO - base.py:1822 - 
CREATE TABLE publication (
	id INTEGER NOT NULL, 
	article_id INTEGER NOT NULL, 
	platform VARCHAR(50) NOT NULL, 
	account VARCHAR(50) NOT NULL, 
	post_id VARCHAR(255), 
	post_url VARCHAR(1024), 
	edit_url VARCHAR(1024), 
	status VARCHAR(20) NOT NULL, 
	draft_only BOOLEAN NOT NULL, 
	stats TEXT, 
	last_error TEXT, 
	content_hash VARCHAR(128), 
	published_at DATETIME, 
	updated_at DATETIME, 
	PRIMARY KEY (id)
)


2026-09-28 23:11:52,548 - sqlalchemy.engine.Engine - INFO - base.py:1822 - [no key 0.00043s] ()
2026-09-28 23:11:52,548 - aiosqlite - DEBUG - core.py:62 - executing functools.partial(<built-in method execute of sqlite3.Cursor object at 0x00000246D0C592C0>, '\nCREATE TABLE publication (\n\tid INTEGER NOT NULL, \n\tarticle_id INTEGER NOT NULL, \n\tplatform VARCHAR(50) NOT NULL, \n\taccount VARCHAR(50) NOT NULL, \n\tpost_id VARCHAR(255), \n\tpost_url VARCHAR(1024), \n\tedit_url VARCHAR(1024), \n\tstatus VARCHAR(20) NOT NULL, \n\tdraft_only BOOLEAN NOT NULL, \n\tstats TEXT, \n\tlast_error TEXT, \n\tcontent_hash VARCHAR(128), \n\tpublished_at DATETIME, \n\tupdated_at DATETIME, \n\tPRIMARY KEY (id)\n)\n\n', ())
2026-09-28 23:11:52,550 - aiosqlite - DEBUG - core.py:67 - operation functools.partial(<built-in method execute of sqlite3.Cursor object at 0x00000246D0C592C0>, '\nCREATE TABLE publication (\n\tid INTEGER NOT NULL, \n\tarticle_id INTEGER NOT NULL, \n\tplatform VARCHAR(50) NOT NULL, \n\taccount VARCHAR(50) NOT NULL, \n\tpost_id VARCHAR(255), \n\tpost_url VARCHAR(1024), \n\tedit_url VARCHAR(1024), \n\tstatus VARCHAR(20) NOT NULL, \n\tdraft_only BOOLEAN NOT NULL, \n\tstats TEXT, \n\tlast_error TEXT, \n\tcontent_hash VARCHAR(128), \n\tpublished_at DATETIME, \n\tupdated_at DATETIME, \n\tPRIMARY KEY (id)\n)\n\n', ()) completed
2026-09-28 23:11:52,550 - aiosqlite - DEBUG - core.py:62 - executing functools.partial(<built-in method cursor of sqlite3.Connection object at 0x00000246D0C04A90>)
2026-09-28 23:11:52,550 - aiosqlite - DEBUG - core.py:67 - operation functools.partial(<built-in method cursor of sqlite3.Connection object at 0x00000246D0C04A90>) completed
2026-09-28 23:11:52,550 - sqlalchemy.engine.Engine - INFO - base.py:1822 - 
CREATE TABLE account (
	id INTEGER NOT NULL, 
	platform VARCHAR(50) NOT NULL, 
	name VARCHAR(50) NOT NULL, 
	profile_dir VARCHAR(512) NOT NULL, 
	status VARCHAR(20) NOT NULL, 
	last_check DATETIME, 
	PRIMARY KEY (id)
)


2026-09-28 23:11:52,551 - sqlalchemy.engine.Engine - INFO - base.py:1822 - [no key 0.00039s] ()
2026-09-28 23:11:52,551 - aiosqlite - DEBUG - core.py:62 - executing functools.partial(<built-in method execute of sqlite3.Cursor object at 0x00000246D0C16A40>, '\nCREATE TABLE account (\n\tid INTEGER NOT NULL, \n\tplatform VARCHAR(50) NOT NULL, \n\tname VARCHAR(50) NOT NULL, \n\tprofile_dir VARCHAR(512) NOT NULL, \n\tstatus VARCHAR(20) NOT NULL, \n\tlast_check DATETIME, \n\tPRIMARY KEY (id)\n)\n\n', ())
2026-09-28 23:11:52,553 - aiosqlite - DEBUG - core.py:67 - operation functools.partial(<built-in method execute of sqlite3.Cursor object at 0x00000246D0C16A40>, '\nCREATE TABLE account (\n\tid INTEGER NOT NULL, \n\tplatform VARCHAR(50) NOT NULL, \n\tname VARCHAR(50) NOT NULL, \n\tprofile_dir VARCHAR(512) NOT NULL, \n\tstatus VARCHAR(20) NOT NULL, \n\tlast_check DATETIME, \n\tPRIMARY KEY (id)\n)\n\n', ()) completed
2026-09-28 23:11:52,553 - aiosqlite - DEBUG - core.py:62 - executing functools.partial(<built-in method cursor of sqlite3.Connection object at 0x00000246D0C04A90>)
2026-09-28 23:11:52,553 - aiosqlite - DEBUG - core.py:67 - operation functools.partial(<built-in method cursor of sqlite3.Connection object at 0x00000246D0C04A90>) completed
2026-09-28 23:11:52,553 - sqlalchemy.engine.Engine - INFO - base.py:1822 - 
CREATE TABLE job (
	id INTEGER NOT NULL, 
	type VARCHAR(20) NOT NULL, 
	article_id INTEGER, 
	platform VARCHAR(50), 
	status VARCHAR(20) NOT NULL, 
	message TEXT, 
	created_at DATETIME, 
	finished_at DATETIME, 
	PRIMARY KEY (id)
)


2026-09-28 23:11:52,554 - sqlalchemy.engine.Engine - INFO - base.py:1822 - [no key 0.00040s] ()
2026-09-28 23:11:52,554 - aiosqlite - DEBUG - core.py:62 - executing functools.partial(<built-in method execute of sqlite3.Cursor object at 0x00000246D0C15CC0>, '\nCREATE TABLE job (\n\tid INTEGER NOT NULL, \n\ttype VARCHAR(20) NOT NULL, \n\tarticle_id INTEGER, \n\tplatform VARCHAR(50), \n\tstatus VARCHAR(20) NOT NULL, \n\tmessage TEXT, \n\tcreated_at DATETIME, \n\tfinished_at DATETIME, \n\tPRIMARY KEY (id)\n)\n\n', ())
2026-09-28 23:11:52,556 - aiosqlite - DEBUG - core.py:67 - operation functools.partial(<built-in method execute of sqlite3.Cursor object at 0x00000246D0C15CC0>, '\nCREATE TABLE job (\n\tid INTEGER NOT NULL, \n\ttype VARCHAR(20) NOT NULL, \n\tarticle_id INTEGER, \n\tplatform VARCHAR(50), \n\tstatus VARCHAR(20) NOT NULL, \n\tmessage TEXT, \n\tcreated_at DATETIME, \n\tfinished_at DATETIME, \n\tPRIMARY KEY (id)\n)\n\n', ()) completed
2026-09-28 23:11:52,557 - aiosqlite - DEBUG - core.py:62 - executing functools.partial(<built-in method cursor of sqlite3.Connection object at 0x00000246D0C04A90>)
2026-09-28 23:11:52,557 - aiosqlite - DEBUG - core.py:67 - operation functools.partial(<built-in method cursor of sqlite3.Connection object at 0x00000246D0C04A90>) completed
2026-09-28 23:11:52,557 - sqlalchemy.engine.Engine - INFO - base.py:1822 - 
CREATE TABLE task (
	id INTEGER NOT NULL, 
	task_id VARCHAR(20) NOT NULL, 
	kind VARCHAR(20) NOT NULL, 
	article_id INTEGER, 
	platforms TEXT, 
	account VARCHAR(50), 
	draft_only BOOLEAN NOT NULL, 
	status VARCHAR(20) NOT NULL, 
	message TEXT, 
	result TEXT, 
	error TEXT, 
	attempts INTEGER, 
	created_at DATETIME, 
	updated_at DATETIME, 
	finished_at DATETIME, 
	PRIMARY KEY (id), 
	UNIQUE (task_id)
)


2026-09-28 23:11:52,557 - sqlalchemy.engine.Engine - INFO - base.py:1822 - [no key 0.00069s] ()
2026-09-28 23:11:52,557 - aiosqlite - DEBUG - core.py:62 - executing functools.partial(<built-in method execute of sqlite3.Cursor object at 0x00000246D0C15C40>, '\nCREATE TABLE task (\n\tid INTEGER NOT NULL, \n\ttask_id VARCHAR(20) NOT NULL, \n\tkind VARCHAR(20) NOT NULL, \n\tarticle_id INTEGER, \n\tplatforms TEXT, \n\taccount VARCHAR(50), \n\tdraft_only BOOLEAN NOT NULL, \n\tstatus VARCHAR(20) NOT NULL, \n\tmessage TEXT, \n\tresult TEXT, \n\terror TEXT, \n\tattempts INTEGER, \n\tcreated_at DATETIME, \n\tupdated_at DATETIME, \n\tfinished_at DATETIME, \n\tPRIMARY KEY (id), \n\tUNIQUE (task_id)\n)\n\n', ())
2026-09-28 23:11:52,560 - aiosqlite - DEBUG - core.py:67 - operation functools.partial(<built-in method execute of sqlite3.Cursor object at 0x00000246D0C15C40>, '\nCREATE TABLE task (\n\tid INTEGER NOT NULL, \n\ttask_id VARCHAR(20) NOT NULL, \n\tkind VARCHAR(20) NOT NULL, \n\tarticle_id INTEGER, \n\tplatforms TEXT, \n\taccount VARCHAR(50), \n\tdraft_only BOOLEAN NOT NULL, \n\tstatus VARCHAR(20) NOT NULL, \n\tmessage TEXT, \n\tresult TEXT, \n\terror TEXT, \n\tattempts INTEGER, \n\tcreated_at DATETIME, \n\tupdated_at DATETIME, \n\tfinished_at DATETIME, \n\tPRIMARY KEY (id), \n\tUNIQUE (task_id)\n)\n\n', ()) completed
2026-09-28 23:11:52,560 - sqlalchemy.engine.Engine - INFO - base.py:2685 - COMMIT
2026-09-28 23:11:52,560 - aiosqlite - DEBUG - core.py:62 - executing functools.partial(<built-in method commit of sqlite3.Connection object at 0x00000246D0C04A90>)
2026-09-28 23:11:52,561 - aiosqlite - DEBUG - core.py:67 - operation functools.partial(<built-in method commit of sqlite3.Connection object at 0x00000246D0C04A90>) completed
2026-09-28 23:11:52,561 - aiosqlite - DEBUG - core.py:62 - executing functools.partial(<built-in method rollback of sqlite3.Connection object at 0x00000246D0C04A90>)
2026-09-28 23:11:52,561 - aiosqlite - DEBUG - core.py:67 - operation functools.partial(<built-in method rollback of sqlite3.Connection object at 0x00000246D0C04A90>) completed
2026-09-28 23:11:52,561 - core.database - INFO - database.py:128 - 数据表已就绪（如不存在则已创建）
2026-09-28 23:11:52,561 - core.cache - INFO - cache.py:271 - 内存缓存已就绪 (max_size=10000)
2026-09-28 23:11:52,562 - core.queue - INFO - queue.py:49 - 内存队列已启动 (handlers=[])
2026-09-28 23:11:52,562 - app.factory - INFO - factory.py:33 - 应用启动成功 - 环境: Environment.DEVELOPMENT
2026-09-28 23:11:52,577 - app.factory - INFO - factory.py:39 - 正在关闭应用资源...
2026-09-28 23:11:53,565 - core.queue - INFO - queue.py:67 - 内存队列已停止
2026-09-28 23:11:53,565 - core.cache - INFO - cache.py:281 - 缓存系统已关闭
2026-09-28 23:11:53,566 - aiosqlite - DEBUG - core.py:62 - executing functools.partial(<built-in method close of sqlite3.Connection object at 0x00000246D0C04A90>)
2026-09-28 23:11:53,566 - aiosqlite - DEBUG - core.py:67 - operation functools.partial(<built-in method close of sqlite3.Connection object at 0x00000246D0C04A90>) completed
2026-09-28 23:11:53,566 - aiosqlite - DEBUG - core.py:62 - executing <function Connection.stop.<locals>.close_and_stop at 0x00000246D0CFA700>
2026-09-28 23:11:53,567 - aiosqlite - DEBUG - core.py:67 - operation <function Connection.stop.<locals>.close_and_stop at 0x00000246D0CFA700> completed
2026-09-28 23:11:53,567 - core.database - INFO - database.py:137 - 异步数据库连接池已关闭
2026-09-28 23:11:53,568 - app.factory - INFO - factory.py:44 - 应用已安全关闭
2026-09-28 23:12:07,932 - aiosqlite - DEBUG - core.py:62 - executing <function connect.<locals>.connector at 0x0000018FA63D6FC0>
2026-09-28 23:12:07,933 - aiosqlite - DEBUG - core.py:67 - operation <function connect.<locals>.connector at 0x0000018FA63D6FC0> completed
2026-09-28 23:12:07,933 - aiosqlite - DEBUG - core.py:62 - executing functools.partial(<built-in method create_function of sqlite3.Connection object at 0x0000018FA63D87C0>, 'regexp', 2, <function SQLiteDialect_pysqlite.on_connect.<locals>.regexp at 0x0000018FA63D6160>, deterministic=True)
2026-09-28 23:12:07,934 - aiosqlite - DEBUG - core.py:67 - operation functools.partial(<built-in method create_function of sqlite3.Connection object at 0x0000018FA63D87C0>, 'regexp', 2, <function SQLiteDialect_pysqlite.on_connect.<locals>.regexp at 0x0000018FA63D6160>, deterministic=True) completed
2026-09-28 23:12:07,934 - aiosqlite - DEBUG - core.py:62 - executing functools.partial(<built-in method create_function of sqlite3.Connection object at 0x0000018FA63D87C0>, 'floor', 1, <built-in function floor>, deterministic=True)
2026-09-28 23:12:07,934 - aiosqlite - DEBUG - core.py:67 - operation functools.partial(<built-in method create_function of sqlite3.Connection object at 0x0000018FA63D87C0>, 'floor', 1, <built-in function floor>, deterministic=True) completed
2026-09-28 23:12:07,935 - aiosqlite - DEBUG - core.py:62 - executing functools.partial(<built-in method cursor of sqlite3.Connection object at 0x0000018FA63D87C0>)
2026-09-28 23:12:07,935 - aiosqlite - DEBUG - core.py:67 - operation functools.partial(<built-in method cursor of sqlite3.Connection object at 0x0000018FA63D87C0>) completed
2026-09-28 23:12:07,935 - aiosqlite - DEBUG - core.py:62 - executing functools.partial(<built-in method execute of sqlite3.Cursor object at 0x0000018FA63AEBC0>, 'PRAGMA read_uncommitted', [])
2026-09-28 23:12:07,935 - aiosqlite - DEBUG - core.py:67 - operation functools.partial(<built-in method execute of sqlite3.Cursor object at 0x0000018FA63AEBC0>, 'PRAGMA read_uncommitted', []) completed
2026-09-28 23:12:07,935 - aiosqlite - DEBUG - core.py:62 - executing functools.partial(<built-in method fetchall of sqlite3.Cursor object at 0x0000018FA63AEBC0>)
2026-09-28 23:12:07,936 - aiosqlite - DEBUG - core.py:67 - operation functools.partial(<built-in method fetchall of sqlite3.Cursor object at 0x0000018FA63AEBC0>) completed
2026-09-28 23:12:07,936 - aiosqlite - DEBUG - core.py:62 - executing functools.partial(<built-in method close of sqlite3.Cursor object at 0x0000018FA63AEBC0>)
2026-09-28 23:12:07,936 - aiosqlite - DEBUG - core.py:67 - operation functools.partial(<built-in method close of sqlite3.Cursor object at 0x0000018FA63AEBC0>) completed
2026-09-28 23:12:07,936 - aiosqlite - DEBUG - core.py:62 - executing functools.partial(<built-in method rollback of sqlite3.Connection object at 0x0000018FA63D87C0>)
2026-09-28 23:12:07,936 - aiosqlite - DEBUG - core.py:67 - operation functools.partial(<built-in method rollback of sqlite3.Connection object at 0x0000018FA63D87C0>) completed
2026-09-28 23:12:07,937 - aiosqlite - DEBUG - core.py:62 - executing functools.partial(<built-in method cursor of sqlite3.Connection object at 0x0000018FA63D87C0>)
2026-09-28 23:12:07,937 - aiosqlite - DEBUG - core.py:67 - operation functools.partial(<built-in method cursor of sqlite3.Connection object at 0x0000018FA63D87C0>) completed
2026-09-28 23:12:07,937 - sqlalchemy.engine.Engine - INFO - base.py:2679 - BEGIN (implicit)
2026-09-28 23:12:07,937 - sqlalchemy.engine.Engine - INFO - base.py:1822 - SELECT 1
2026-09-28 23:12:07,937 - sqlalchemy.engine.Engine - INFO - base.py:1822 - [generated in 0.00058s] ()
2026-09-28 23:12:07,937 - aiosqlite - DEBUG - core.py:62 - executing functools.partial(<built-in method execute of sqlite3.Cursor object at 0x0000018FA63AEEC0>, 'SELECT 1', ())
2026-09-28 23:12:07,938 - aiosqlite - DEBUG - core.py:67 - operation functools.partial(<built-in method execute of sqlite3.Cursor object at 0x0000018FA63AEEC0>, 'SELECT 1', ()) completed
2026-09-28 23:12:07,938 - aiosqlite - DEBUG - core.py:62 - executing functools.partial(<built-in method fetchall of sqlite3.Cursor object at 0x0000018FA63AEEC0>)
2026-09-28 23:12:07,938 - aiosqlite - DEBUG - core.py:67 - operation functools.partial(<built-in method fetchall of sqlite3.Cursor object at 0x0000018FA63AEEC0>) completed
2026-09-28 23:12:07,938 - aiosqlite - DEBUG - core.py:62 - executing functools.partial(<built-in method close of sqlite3.Cursor object at 0x0000018FA63AEEC0>)
2026-09-28 23:12:07,939 - aiosqlite - DEBUG - core.py:67 - operation functools.partial(<built-in method close of sqlite3.Cursor object at 0x0000018FA63AEEC0>) completed
2026-09-28 23:12:07,939 - sqlalchemy.engine.Engine - INFO - base.py:2682 - ROLLBACK
2026-09-28 23:12:07,939 - aiosqlite - DEBUG - core.py:62 - executing functools.partial(<built-in method rollback of sqlite3.Connection object at 0x0000018FA63D87C0>)
2026-09-28 23:12:07,939 - aiosqlite - DEBUG - core.py:67 - operation functools.partial(<built-in method rollback of sqlite3.Connection object at 0x0000018FA63D87C0>) completed
2026-09-28 23:12:07,939 - core.database - INFO - database.py:119 - 异步数据库连接池创建成功: sqlite+aiosqlite:///./data/smoke_hub.db
2026-09-28 23:12:07,940 - sqlalchemy.engine.Engine - INFO - base.py:2679 - BEGIN (implicit)
2026-09-28 23:12:07,940 - aiosqlite - DEBUG - core.py:62 - executing functools.partial(<built-in method cursor of sqlite3.Connection object at 0x0000018FA63D87C0>)
2026-09-28 23:12:07,940 - aiosqlite - DEBUG - core.py:67 - operation functools.partial(<built-in method cursor of sqlite3.Connection object at 0x0000018FA63D87C0>) completed
2026-09-28 23:12:07,940 - sqlalchemy.engine.Engine - INFO - base.py:1822 - PRAGMA main.table_info("article")
2026-09-28 23:12:07,940 - sqlalchemy.engine.Engine - INFO - base.py:1822 - [raw sql] ()
2026-09-28 23:12:07,940 - aiosqlite - DEBUG - core.py:62 - executing functools.partial(<built-in method execute of sqlite3.Cursor object at 0x0000018FA63AF740>, 'PRAGMA main.table_info("article")', ())
2026-09-28 23:12:07,941 - aiosqlite - DEBUG - core.py:67 - operation functools.partial(<built-in method execute of sqlite3.Cursor object at 0x0000018FA63AF740>, 'PRAGMA main.table_info("article")', ()) completed
2026-09-28 23:12:07,941 - aiosqlite - DEBUG - core.py:62 - executing functools.partial(<built-in method fetchall of sqlite3.Cursor object at 0x0000018FA63AF740>)
2026-09-28 23:12:07,941 - aiosqlite - DEBUG - core.py:67 - operation functools.partial(<built-in method fetchall of sqlite3.Cursor object at 0x0000018FA63AF740>) completed
2026-09-28 23:12:07,941 - aiosqlite - DEBUG - core.py:62 - executing functools.partial(<built-in method close of sqlite3.Cursor object at 0x0000018FA63AF740>)
2026-09-28 23:12:07,941 - aiosqlite - DEBUG - core.py:67 - operation functools.partial(<built-in method close of sqlite3.Cursor object at 0x0000018FA63AF740>) completed
2026-09-28 23:12:07,941 - aiosqlite - DEBUG - core.py:62 - executing functools.partial(<built-in method cursor of sqlite3.Connection object at 0x0000018FA63D87C0>)
2026-09-28 23:12:07,941 - aiosqlite - DEBUG - core.py:67 - operation functools.partial(<built-in method cursor of sqlite3.Connection object at 0x0000018FA63D87C0>) completed
2026-09-28 23:12:07,941 - sqlalchemy.engine.Engine - INFO - base.py:1822 - PRAGMA main.table_info("publication")
2026-09-28 23:12:07,941 - sqlalchemy.engine.Engine - INFO - base.py:1822 - [raw sql] ()
2026-09-28 23:12:07,942 - aiosqlite - DEBUG - core.py:62 - executing functools.partial(<built-in method execute of sqlite3.Cursor object at 0x0000018FA63AF9C0>, 'PRAGMA main.table_info("publication")', ())
2026-09-28 23:12:07,942 - aiosqlite - DEBUG - core.py:67 - operation functools.partial(<built-in method execute of sqlite3.Cursor object at 0x0000018FA63AF9C0>, 'PRAGMA main.table_info("publication")', ()) completed
2026-09-28 23:12:07,942 - aiosqlite - DEBUG - core.py:62 - executing functools.partial(<built-in method fetchall of sqlite3.Cursor object at 0x0000018FA63AF9C0>)
2026-09-28 23:12:07,942 - aiosqlite - DEBUG - core.py:67 - operation functools.partial(<built-in method fetchall of sqlite3.Cursor object at 0x0000018FA63AF9C0>) completed
2026-09-28 23:12:07,942 - aiosqlite - DEBUG - core.py:62 - executing functools.partial(<built-in method close of sqlite3.Cursor object at 0x0000018FA63AF9C0>)
2026-09-28 23:12:07,942 - aiosqlite - DEBUG - core.py:67 - operation functools.partial(<built-in method close of sqlite3.Cursor object at 0x0000018FA63AF9C0>) completed
2026-09-28 23:12:07,942 - aiosqlite - DEBUG - core.py:62 - executing functools.partial(<built-in method cursor of sqlite3.Connection object at 0x0000018FA63D87C0>)
2026-09-28 23:12:07,942 - aiosqlite - DEBUG - core.py:67 - operation functools.partial(<built-in method cursor of sqlite3.Connection object at 0x0000018FA63D87C0>) completed
2026-09-28 23:12:07,942 - sqlalchemy.engine.Engine - INFO - base.py:1822 - PRAGMA main.table_info("account")
2026-09-28 23:12:07,942 - sqlalchemy.engine.Engine - INFO - base.py:1822 - [raw sql] ()
2026-09-28 23:12:07,943 - aiosqlite - DEBUG - core.py:62 - executing functools.partial(<built-in method execute of sqlite3.Cursor object at 0x0000018FA63AFD40>, 'PRAGMA main.table_info("account")', ())
2026-09-28 23:12:07,943 - aiosqlite - DEBUG - core.py:67 - operation functools.partial(<built-in method execute of sqlite3.Cursor object at 0x0000018FA63AFD40>, 'PRAGMA main.table_info("account")', ()) completed
2026-09-28 23:12:07,943 - aiosqlite - DEBUG - core.py:62 - executing functools.partial(<built-in method fetchall of sqlite3.Cursor object at 0x0000018FA63AFD40>)
2026-09-28 23:12:07,943 - aiosqlite - DEBUG - core.py:67 - operation functools.partial(<built-in method fetchall of sqlite3.Cursor object at 0x0000018FA63AFD40>) completed
2026-09-28 23:12:07,943 - aiosqlite - DEBUG - core.py:62 - executing functools.partial(<built-in method close of sqlite3.Cursor object at 0x0000018FA63AFD40>)
2026-09-28 23:12:07,943 - aiosqlite - DEBUG - core.py:67 - operation functools.partial(<built-in method close of sqlite3.Cursor object at 0x0000018FA63AFD40>) completed
2026-09-28 23:12:07,943 - aiosqlite - DEBUG - core.py:62 - executing functools.partial(<built-in method cursor of sqlite3.Connection object at 0x0000018FA63D87C0>)
2026-09-28 23:12:07,943 - aiosqlite - DEBUG - core.py:67 - operation functools.partial(<built-in method cursor of sqlite3.Connection object at 0x0000018FA63D87C0>) completed
2026-09-28 23:12:07,943 - sqlalchemy.engine.Engine - INFO - base.py:1822 - PRAGMA main.table_info("job")
2026-09-28 23:12:07,943 - sqlalchemy.engine.Engine - INFO - base.py:1822 - [raw sql] ()
2026-09-28 23:12:07,944 - aiosqlite - DEBUG - core.py:62 - executing functools.partial(<built-in method execute of sqlite3.Cursor object at 0x0000018FA63AFD40>, 'PRAGMA main.table_info("job")', ())
2026-09-28 23:12:07,944 - aiosqlite - DEBUG - core.py:67 - operation functools.partial(<built-in method execute of sqlite3.Cursor object at 0x0000018FA63AFD40>, 'PRAGMA main.table_info("job")', ()) completed
2026-09-28 23:12:07,944 - aiosqlite - DEBUG - core.py:62 - executing functools.partial(<built-in method fetchall of sqlite3.Cursor object at 0x0000018FA63AFD40>)
2026-09-28 23:12:07,944 - aiosqlite - DEBUG - core.py:67 - operation functools.partial(<built-in method fetchall of sqlite3.Cursor object at 0x0000018FA63AFD40>) completed
2026-09-28 23:12:07,944 - aiosqlite - DEBUG - core.py:62 - executing functools.partial(<built-in method close of sqlite3.Cursor object at 0x0000018FA63AFD40>)
2026-09-28 23:12:07,944 - aiosqlite - DEBUG - core.py:67 - operation functools.partial(<built-in method close of sqlite3.Cursor object at 0x0000018FA63AFD40>) completed
2026-09-28 23:12:07,944 - aiosqlite - DEBUG - core.py:62 - executing functools.partial(<built-in method cursor of sqlite3.Connection object at 0x0000018FA63D87C0>)
2026-09-28 23:12:07,944 - aiosqlite - DEBUG - core.py:67 - operation functools.partial(<built-in method cursor of sqlite3.Connection object at 0x0000018FA63D87C0>) completed
2026-09-28 23:12:07,944 - sqlalchemy.engine.Engine - INFO - base.py:1822 - PRAGMA main.table_info("task")
2026-09-28 23:12:07,944 - sqlalchemy.engine.Engine - INFO - base.py:1822 - [raw sql] ()
2026-09-28 23:12:07,944 - aiosqlite - DEBUG - core.py:62 - executing functools.partial(<built-in method execute of sqlite3.Cursor object at 0x0000018FA63AFD40>, 'PRAGMA main.table_info("task")', ())
2026-09-28 23:12:07,945 - aiosqlite - DEBUG - core.py:67 - operation functools.partial(<built-in method execute of sqlite3.Cursor object at 0x0000018FA63AFD40>, 'PRAGMA main.table_info("task")', ()) completed
2026-09-28 23:12:07,945 - aiosqlite - DEBUG - core.py:62 - executing functools.partial(<built-in method fetchall of sqlite3.Cursor object at 0x0000018FA63AFD40>)
2026-09-28 23:12:07,945 - aiosqlite - DEBUG - core.py:67 - operation functools.partial(<built-in method fetchall of sqlite3.Cursor object at 0x0000018FA63AFD40>) completed
2026-09-28 23:12:07,945 - aiosqlite - DEBUG - core.py:62 - executing functools.partial(<built-in method close of sqlite3.Cursor object at 0x0000018FA63AFD40>)
2026-09-28 23:12:07,945 - aiosqlite - DEBUG - core.py:67 - operation functools.partial(<built-in method close of sqlite3.Cursor object at 0x0000018FA63AFD40>) completed
2026-09-28 23:12:07,945 - sqlalchemy.engine.Engine - INFO - base.py:2685 - COMMIT
2026-09-28 23:12:07,945 - aiosqlite - DEBUG - core.py:62 - executing functools.partial(<built-in method commit of sqlite3.Connection object at 0x0000018FA63D87C0>)
2026-09-28 23:12:07,945 - aiosqlite - DEBUG - core.py:67 - operation functools.partial(<built-in method commit of sqlite3.Connection object at 0x0000018FA63D87C0>) completed
2026-09-28 23:12:07,946 - aiosqlite - DEBUG - core.py:62 - executing functools.partial(<built-in method rollback of sqlite3.Connection object at 0x0000018FA63D87C0>)
2026-09-28 23:12:07,946 - aiosqlite - DEBUG - core.py:67 - operation functools.partial(<built-in method rollback of sqlite3.Connection object at 0x0000018FA63D87C0>) completed
2026-09-28 23:12:07,946 - core.database - INFO - database.py:128 - 数据表已就绪（如不存在则已创建）
2026-09-28 23:12:07,946 - core.cache - INFO - cache.py:271 - 内存缓存已就绪 (max_size=10000)
2026-09-28 23:12:07,946 - core.queue - INFO - queue.py:49 - 内存队列已启动 (handlers=[])
2026-09-28 23:12:07,947 - app.factory - INFO - factory.py:33 - 应用启动成功 - 环境: Environment.DEVELOPMENT
2026-09-28 23:12:07,964 - sqlalchemy.engine.Engine - INFO - base.py:2679 - BEGIN (implicit)
2026-09-28 23:12:07,965 - aiosqlite - DEBUG - core.py:62 - executing functools.partial(<built-in method cursor of sqlite3.Connection object at 0x0000018FA63D87C0>)
2026-09-28 23:12:07,965 - aiosqlite - DEBUG - core.py:67 - operation functools.partial(<built-in method cursor of sqlite3.Connection object at 0x0000018FA63D87C0>) completed
2026-09-28 23:12:07,965 - sqlalchemy.engine.Engine - INFO - base.py:1822 - SELECT count(*) AS count_1 
FROM article
2026-09-28 23:12:07,965 - sqlalchemy.engine.Engine - INFO - base.py:1822 - [generated in 0.00077s] ()
2026-09-28 23:12:07,966 - aiosqlite - DEBUG - core.py:62 - executing functools.partial(<built-in method execute of sqlite3.Cursor object at 0x0000018FA63EA5C0>, 'SELECT count(*) AS count_1 \nFROM article', ())
2026-09-28 23:12:07,966 - aiosqlite - DEBUG - core.py:67 - operation functools.partial(<built-in method execute of sqlite3.Cursor object at 0x0000018FA63EA5C0>, 'SELECT count(*) AS count_1 \nFROM article', ()) completed
2026-09-28 23:12:07,966 - aiosqlite - DEBUG - core.py:62 - executing functools.partial(<built-in method fetchall of sqlite3.Cursor object at 0x0000018FA63EA5C0>)
2026-09-28 23:12:07,966 - aiosqlite - DEBUG - core.py:67 - operation functools.partial(<built-in method fetchall of sqlite3.Cursor object at 0x0000018FA63EA5C0>) completed
2026-09-28 23:12:07,967 - aiosqlite - DEBUG - core.py:62 - executing functools.partial(<built-in method close of sqlite3.Cursor object at 0x0000018FA63EA5C0>)
2026-09-28 23:12:07,967 - aiosqlite - DEBUG - core.py:67 - operation functools.partial(<built-in method close of sqlite3.Cursor object at 0x0000018FA63EA5C0>) completed
2026-09-28 23:12:07,973 - aiosqlite - DEBUG - core.py:62 - executing functools.partial(<built-in method cursor of sqlite3.Connection object at 0x0000018FA63D87C0>)
2026-09-28 23:12:07,974 - aiosqlite - DEBUG - core.py:67 - operation functools.partial(<built-in method cursor of sqlite3.Connection object at 0x0000018FA63D87C0>) completed
2026-09-28 23:12:07,974 - sqlalchemy.engine.Engine - INFO - base.py:1822 - SELECT article.id, article.title, article.content_md, article.summary, article.tags, article.cover, article.status, article.source, article.ai_model, article.origin_url, article.ext, article.created_at, article.updated_at 
FROM article ORDER BY article.id ASC
 LIMIT ? OFFSET ?
2026-09-28 23:12:07,974 - sqlalchemy.engine.Engine - INFO - base.py:1822 - [generated in 0.00095s] (20, 0)
2026-09-28 23:12:07,974 - aiosqlite - DEBUG - core.py:62 - executing functools.partial(<built-in method execute of sqlite3.Cursor object at 0x0000018FA63EA7C0>, 'SELECT article.id, article.title, article.content_md, article.summary, article.tags, article.cover, article.status, article.source, article.ai_model, article.origin_url, article.ext, article.created_at, article.updated_at \nFROM article ORDER BY article.id ASC\n LIMIT ? OFFSET ?', (20, 0))
2026-09-28 23:12:07,974 - aiosqlite - DEBUG - core.py:67 - operation functools.partial(<built-in method execute of sqlite3.Cursor object at 0x0000018FA63EA7C0>, 'SELECT article.id, article.title, article.content_md, article.summary, article.tags, article.cover, article.status, article.source, article.ai_model, article.origin_url, article.ext, article.created_at, article.updated_at \nFROM article ORDER BY article.id ASC\n LIMIT ? OFFSET ?', (20, 0)) completed
2026-09-28 23:12:07,975 - aiosqlite - DEBUG - core.py:62 - executing functools.partial(<built-in method fetchall of sqlite3.Cursor object at 0x0000018FA63EA7C0>)
2026-09-28 23:12:07,975 - aiosqlite - DEBUG - core.py:67 - operation functools.partial(<built-in method fetchall of sqlite3.Cursor object at 0x0000018FA63EA7C0>) completed
2026-09-28 23:12:07,975 - aiosqlite - DEBUG - core.py:62 - executing functools.partial(<built-in method close of sqlite3.Cursor object at 0x0000018FA63EA7C0>)
2026-09-28 23:12:07,975 - aiosqlite - DEBUG - core.py:67 - operation functools.partial(<built-in method close of sqlite3.Cursor object at 0x0000018FA63EA7C0>) completed
2026-09-28 23:12:07,976 - sqlalchemy.engine.Engine - INFO - base.py:2682 - ROLLBACK
2026-09-28 23:12:07,976 - aiosqlite - DEBUG - core.py:62 - executing functools.partial(<built-in method rollback of sqlite3.Connection object at 0x0000018FA63D87C0>)
2026-09-28 23:12:07,976 - aiosqlite - DEBUG - core.py:67 - operation functools.partial(<built-in method rollback of sqlite3.Connection object at 0x0000018FA63D87C0>) completed
2026-09-28 23:12:07,976 - aiosqlite - DEBUG - core.py:62 - executing functools.partial(<built-in method rollback of sqlite3.Connection object at 0x0000018FA63D87C0>)
2026-09-28 23:12:07,977 - httpx - INFO - _client.py:1025 - HTTP Request: GET http://testserver/api/v1/article "HTTP/1.1 200 OK"
2026-09-28 23:12:07,977 - aiosqlite - DEBUG - core.py:67 - operation functools.partial(<built-in method rollback of sqlite3.Connection object at 0x0000018FA63D87C0>) completed
2026-09-28 23:12:07,979 - app.exceptions - WARNING - exceptions.py:52 - Validation error path=/api/v1/article
2026-09-28 23:12:07,979 - httpx - INFO - _client.py:1025 - HTTP Request: POST http://testserver/api/v1/article "HTTP/1.1 422 Unprocessable Entity"
2026-09-28 23:12:07,980 - app.factory - INFO - factory.py:39 - 正在关闭应用资源...
2026-09-28 23:12:08,954 - core.queue - INFO - queue.py:67 - 内存队列已停止
2026-09-28 23:12:08,955 - core.cache - INFO - cache.py:281 - 缓存系统已关闭
2026-09-28 23:12:08,955 - aiosqlite - DEBUG - core.py:62 - executing functools.partial(<built-in method close of sqlite3.Connection object at 0x0000018FA63D87C0>)
2026-09-28 23:12:08,956 - aiosqlite - DEBUG - core.py:67 - operation functools.partial(<built-in method close of sqlite3.Connection object at 0x0000018FA63D87C0>) completed
2026-09-28 23:12:08,956 - aiosqlite - DEBUG - core.py:62 - executing <function Connection.stop.<locals>.close_and_stop at 0x0000018FA63E1300>
2026-09-28 23:12:08,957 - aiosqlite - DEBUG - core.py:67 - operation <function Connection.stop.<locals>.close_and_stop at 0x0000018FA63E1300> completed
2026-09-28 23:12:08,958 - core.database - INFO - database.py:137 - 异步数据库连接池已关闭
2026-09-28 23:12:08,958 - app.factory - INFO - factory.py:44 - 应用已安全关闭
2026-09-28 23:12:54,759 - aiosqlite - DEBUG - core.py:62 - executing <function connect.<locals>.connector at 0x0000021C0F05B6A0>
2026-09-28 23:12:54,759 - aiosqlite - DEBUG - core.py:67 - operation <function connect.<locals>.connector at 0x0000021C0F05B6A0> completed
2026-09-28 23:12:54,759 - aiosqlite - DEBUG - core.py:62 - executing functools.partial(<built-in method create_function of sqlite3.Connection object at 0x0000021C0F060C70>, 'regexp', 2, <function SQLiteDialect_pysqlite.on_connect.<locals>.regexp at 0x0000021C0F05A840>, deterministic=True)
2026-09-28 23:12:54,760 - aiosqlite - DEBUG - core.py:67 - operation functools.partial(<built-in method create_function of sqlite3.Connection object at 0x0000021C0F060C70>, 'regexp', 2, <function SQLiteDialect_pysqlite.on_connect.<locals>.regexp at 0x0000021C0F05A840>, deterministic=True) completed
2026-09-28 23:12:54,760 - aiosqlite - DEBUG - core.py:62 - executing functools.partial(<built-in method create_function of sqlite3.Connection object at 0x0000021C0F060C70>, 'floor', 1, <built-in function floor>, deterministic=True)
2026-09-28 23:12:54,760 - aiosqlite - DEBUG - core.py:67 - operation functools.partial(<built-in method create_function of sqlite3.Connection object at 0x0000021C0F060C70>, 'floor', 1, <built-in function floor>, deterministic=True) completed
2026-09-28 23:12:54,760 - aiosqlite - DEBUG - core.py:62 - executing functools.partial(<built-in method cursor of sqlite3.Connection object at 0x0000021C0F060C70>)
2026-09-28 23:12:54,760 - aiosqlite - DEBUG - core.py:67 - operation functools.partial(<built-in method cursor of sqlite3.Connection object at 0x0000021C0F060C70>) completed
2026-09-28 23:12:54,760 - aiosqlite - DEBUG - core.py:62 - executing functools.partial(<built-in method execute of sqlite3.Cursor object at 0x0000021C0F05CEC0>, 'PRAGMA read_uncommitted', [])
2026-09-28 23:12:54,760 - aiosqlite - DEBUG - core.py:67 - operation functools.partial(<built-in method execute of sqlite3.Cursor object at 0x0000021C0F05CEC0>, 'PRAGMA read_uncommitted', []) completed
2026-09-28 23:12:54,760 - aiosqlite - DEBUG - core.py:62 - executing functools.partial(<built-in method fetchall of sqlite3.Cursor object at 0x0000021C0F05CEC0>)
2026-09-28 23:12:54,760 - aiosqlite - DEBUG - core.py:67 - operation functools.partial(<built-in method fetchall of sqlite3.Cursor object at 0x0000021C0F05CEC0>) completed
2026-09-28 23:12:54,760 - aiosqlite - DEBUG - core.py:62 - executing functools.partial(<built-in method close of sqlite3.Cursor object at 0x0000021C0F05CEC0>)
2026-09-28 23:12:54,760 - aiosqlite - DEBUG - core.py:67 - operation functools.partial(<built-in method close of sqlite3.Cursor object at 0x0000021C0F05CEC0>) completed
2026-09-28 23:12:54,761 - aiosqlite - DEBUG - core.py:62 - executing functools.partial(<built-in method rollback of sqlite3.Connection object at 0x0000021C0F060C70>)
2026-09-28 23:12:54,761 - aiosqlite - DEBUG - core.py:67 - operation functools.partial(<built-in method rollback of sqlite3.Connection object at 0x0000021C0F060C70>) completed
2026-09-28 23:12:54,761 - aiosqlite - DEBUG - core.py:62 - executing functools.partial(<built-in method cursor of sqlite3.Connection object at 0x0000021C0F060C70>)
2026-09-28 23:12:54,761 - aiosqlite - DEBUG - core.py:67 - operation functools.partial(<built-in method cursor of sqlite3.Connection object at 0x0000021C0F060C70>) completed
2026-09-28 23:12:54,761 - sqlalchemy.engine.Engine - INFO - base.py:2679 - BEGIN (implicit)
2026-09-28 23:12:54,762 - sqlalchemy.engine.Engine - INFO - base.py:1822 - SELECT 1
2026-09-28 23:12:54,762 - sqlalchemy.engine.Engine - INFO - base.py:1822 - [generated in 0.00064s] ()
2026-09-28 23:12:54,762 - aiosqlite - DEBUG - core.py:62 - executing functools.partial(<built-in method execute of sqlite3.Cursor object at 0x0000021C0F05D0C0>, 'SELECT 1', ())
2026-09-28 23:12:54,762 - aiosqlite - DEBUG - core.py:67 - operation functools.partial(<built-in method execute of sqlite3.Cursor object at 0x0000021C0F05D0C0>, 'SELECT 1', ()) completed
2026-09-28 23:12:54,762 - aiosqlite - DEBUG - core.py:62 - executing functools.partial(<built-in method fetchall of sqlite3.Cursor object at 0x0000021C0F05D0C0>)
2026-09-28 23:12:54,763 - aiosqlite - DEBUG - core.py:67 - operation functools.partial(<built-in method fetchall of sqlite3.Cursor object at 0x0000021C0F05D0C0>) completed
2026-09-28 23:12:54,763 - aiosqlite - DEBUG - core.py:62 - executing functools.partial(<built-in method close of sqlite3.Cursor object at 0x0000021C0F05D0C0>)
2026-09-28 23:12:54,763 - aiosqlite - DEBUG - core.py:67 - operation functools.partial(<built-in method close of sqlite3.Cursor object at 0x0000021C0F05D0C0>) completed
2026-09-28 23:12:54,763 - sqlalchemy.engine.Engine - INFO - base.py:2682 - ROLLBACK
2026-09-28 23:12:54,763 - aiosqlite - DEBUG - core.py:62 - executing functools.partial(<built-in method rollback of sqlite3.Connection object at 0x0000021C0F060C70>)
2026-09-28 23:12:54,763 - aiosqlite - DEBUG - core.py:67 - operation functools.partial(<built-in method rollback of sqlite3.Connection object at 0x0000021C0F060C70>) completed
2026-09-28 23:12:54,763 - core.database - INFO - database.py:119 - 异步数据库连接池创建成功: sqlite+aiosqlite:///./data/smoke_hub.db
2026-09-28 23:12:54,764 - sqlalchemy.engine.Engine - INFO - base.py:2679 - BEGIN (implicit)
2026-09-28 23:12:54,764 - aiosqlite - DEBUG - core.py:62 - executing functools.partial(<built-in method cursor of sqlite3.Connection object at 0x0000021C0F060C70>)
2026-09-28 23:12:54,764 - aiosqlite - DEBUG - core.py:67 - operation functools.partial(<built-in method cursor of sqlite3.Connection object at 0x0000021C0F060C70>) completed
2026-09-28 23:12:54,764 - sqlalchemy.engine.Engine - INFO - base.py:1822 - PRAGMA main.table_info("article")
2026-09-28 23:12:54,764 - sqlalchemy.engine.Engine - INFO - base.py:1822 - [raw sql] ()
2026-09-28 23:12:54,764 - aiosqlite - DEBUG - core.py:62 - executing functools.partial(<built-in method execute of sqlite3.Cursor object at 0x0000021C0F05DA40>, 'PRAGMA main.table_info("article")', ())
2026-09-28 23:12:54,765 - aiosqlite - DEBUG - core.py:67 - operation functools.partial(<built-in method execute of sqlite3.Cursor object at 0x0000021C0F05DA40>, 'PRAGMA main.table_info("article")', ()) completed
2026-09-28 23:12:54,765 - aiosqlite - DEBUG - core.py:62 - executing functools.partial(<built-in method fetchall of sqlite3.Cursor object at 0x0000021C0F05DA40>)
2026-09-28 23:12:54,765 - aiosqlite - DEBUG - core.py:67 - operation functools.partial(<built-in method fetchall of sqlite3.Cursor object at 0x0000021C0F05DA40>) completed
2026-09-28 23:12:54,765 - aiosqlite - DEBUG - core.py:62 - executing functools.partial(<built-in method close of sqlite3.Cursor object at 0x0000021C0F05DA40>)
2026-09-28 23:12:54,765 - aiosqlite - DEBUG - core.py:67 - operation functools.partial(<built-in method close of sqlite3.Cursor object at 0x0000021C0F05DA40>) completed
2026-09-28 23:12:54,765 - aiosqlite - DEBUG - core.py:62 - executing functools.partial(<built-in method cursor of sqlite3.Connection object at 0x0000021C0F060C70>)
2026-09-28 23:12:54,765 - aiosqlite - DEBUG - core.py:67 - operation functools.partial(<built-in method cursor of sqlite3.Connection object at 0x0000021C0F060C70>) completed
2026-09-28 23:12:54,765 - sqlalchemy.engine.Engine - INFO - base.py:1822 - PRAGMA main.table_info("publication")
2026-09-28 23:12:54,765 - sqlalchemy.engine.Engine - INFO - base.py:1822 - [raw sql] ()
2026-09-28 23:12:54,766 - aiosqlite - DEBUG - core.py:62 - executing functools.partial(<built-in method execute of sqlite3.Cursor object at 0x0000021C0F05DC40>, 'PRAGMA main.table_info("publication")', ())
2026-09-28 23:12:54,766 - aiosqlite - DEBUG - core.py:67 - operation functools.partial(<built-in method execute of sqlite3.Cursor object at 0x0000021C0F05DC40>, 'PRAGMA main.table_info("publication")', ()) completed
2026-09-28 23:12:54,766 - aiosqlite - DEBUG - core.py:62 - executing functools.partial(<built-in method fetchall of sqlite3.Cursor object at 0x0000021C0F05DC40>)
2026-09-28 23:12:54,766 - aiosqlite - DEBUG - core.py:67 - operation functools.partial(<built-in method fetchall of sqlite3.Cursor object at 0x0000021C0F05DC40>) completed
2026-09-28 23:12:54,766 - aiosqlite - DEBUG - core.py:62 - executing functools.partial(<built-in method close of sqlite3.Cursor object at 0x0000021C0F05DC40>)
2026-09-28 23:12:54,766 - aiosqlite - DEBUG - core.py:67 - operation functools.partial(<built-in method close of sqlite3.Cursor object at 0x0000021C0F05DC40>) completed
2026-09-28 23:12:54,766 - aiosqlite - DEBUG - core.py:62 - executing functools.partial(<built-in method cursor of sqlite3.Connection object at 0x0000021C0F060C70>)
2026-09-28 23:12:54,766 - aiosqlite - DEBUG - core.py:67 - operation functools.partial(<built-in method cursor of sqlite3.Connection object at 0x0000021C0F060C70>) completed
2026-09-28 23:12:54,766 - sqlalchemy.engine.Engine - INFO - base.py:1822 - PRAGMA main.table_info("account")
2026-09-28 23:12:54,766 - sqlalchemy.engine.Engine - INFO - base.py:1822 - [raw sql] ()
2026-09-28 23:12:54,767 - aiosqlite - DEBUG - core.py:62 - executing functools.partial(<built-in method execute of sqlite3.Cursor object at 0x0000021C0F05DFC0>, 'PRAGMA main.table_info("account")', ())
2026-09-28 23:12:54,767 - aiosqlite - DEBUG - core.py:67 - operation functools.partial(<built-in method execute of sqlite3.Cursor object at 0x0000021C0F05DFC0>, 'PRAGMA main.table_info("account")', ()) completed
2026-09-28 23:12:54,767 - aiosqlite - DEBUG - core.py:62 - executing functools.partial(<built-in method fetchall of sqlite3.Cursor object at 0x0000021C0F05DFC0>)
2026-09-28 23:12:54,767 - aiosqlite - DEBUG - core.py:67 - operation functools.partial(<built-in method fetchall of sqlite3.Cursor object at 0x0000021C0F05DFC0>) completed
2026-09-28 23:12:54,767 - aiosqlite - DEBUG - core.py:62 - executing functools.partial(<built-in method close of sqlite3.Cursor object at 0x0000021C0F05DFC0>)
2026-09-28 23:12:54,767 - aiosqlite - DEBUG - core.py:67 - operation functools.partial(<built-in method close of sqlite3.Cursor object at 0x0000021C0F05DFC0>) completed
2026-09-28 23:12:54,767 - aiosqlite - DEBUG - core.py:62 - executing functools.partial(<built-in method cursor of sqlite3.Connection object at 0x0000021C0F060C70>)
2026-09-28 23:12:54,768 - aiosqlite - DEBUG - core.py:67 - operation functools.partial(<built-in method cursor of sqlite3.Connection object at 0x0000021C0F060C70>) completed
2026-09-28 23:12:54,768 - sqlalchemy.engine.Engine - INFO - base.py:1822 - PRAGMA main.table_info("job")
2026-09-28 23:12:54,768 - sqlalchemy.engine.Engine - INFO - base.py:1822 - [raw sql] ()
2026-09-28 23:12:54,768 - aiosqlite - DEBUG - core.py:62 - executing functools.partial(<built-in method execute of sqlite3.Cursor object at 0x0000021C0F05E3C0>, 'PRAGMA main.table_info("job")', ())
2026-09-28 23:12:54,768 - aiosqlite - DEBUG - core.py:67 - operation functools.partial(<built-in method execute of sqlite3.Cursor object at 0x0000021C0F05E3C0>, 'PRAGMA main.table_info("job")', ()) completed
2026-09-28 23:12:54,768 - aiosqlite - DEBUG - core.py:62 - executing functools.partial(<built-in method fetchall of sqlite3.Cursor object at 0x0000021C0F05E3C0>)
2026-09-28 23:12:54,768 - aiosqlite - DEBUG - core.py:67 - operation functools.partial(<built-in method fetchall of sqlite3.Cursor object at 0x0000021C0F05E3C0>) completed
2026-09-28 23:12:54,769 - aiosqlite - DEBUG - core.py:62 - executing functools.partial(<built-in method close of sqlite3.Cursor object at 0x0000021C0F05E3C0>)
2026-09-28 23:12:54,769 - aiosqlite - DEBUG - core.py:67 - operation functools.partial(<built-in method close of sqlite3.Cursor object at 0x0000021C0F05E3C0>) completed
2026-09-28 23:12:54,769 - aiosqlite - DEBUG - core.py:62 - executing functools.partial(<built-in method cursor of sqlite3.Connection object at 0x0000021C0F060C70>)
2026-09-28 23:12:54,769 - aiosqlite - DEBUG - core.py:67 - operation functools.partial(<built-in method cursor of sqlite3.Connection object at 0x0000021C0F060C70>) completed
2026-09-28 23:12:54,769 - sqlalchemy.engine.Engine - INFO - base.py:1822 - PRAGMA main.table_info("task")
2026-09-28 23:12:54,769 - sqlalchemy.engine.Engine - INFO - base.py:1822 - [raw sql] ()
2026-09-28 23:12:54,769 - aiosqlite - DEBUG - core.py:62 - executing functools.partial(<built-in method execute of sqlite3.Cursor object at 0x0000021C0F05E640>, 'PRAGMA main.table_info("task")', ())
2026-09-28 23:12:54,769 - aiosqlite - DEBUG - core.py:67 - operation functools.partial(<built-in method execute of sqlite3.Cursor object at 0x0000021C0F05E640>, 'PRAGMA main.table_info("task")', ()) completed
2026-09-28 23:12:54,769 - aiosqlite - DEBUG - core.py:62 - executing functools.partial(<built-in method fetchall of sqlite3.Cursor object at 0x0000021C0F05E640>)
2026-09-28 23:12:54,770 - aiosqlite - DEBUG - core.py:67 - operation functools.partial(<built-in method fetchall of sqlite3.Cursor object at 0x0000021C0F05E640>) completed
2026-09-28 23:12:54,770 - aiosqlite - DEBUG - core.py:62 - executing functools.partial(<built-in method close of sqlite3.Cursor object at 0x0000021C0F05E640>)
2026-09-28 23:12:54,770 - aiosqlite - DEBUG - core.py:67 - operation functools.partial(<built-in method close of sqlite3.Cursor object at 0x0000021C0F05E640>) completed
2026-09-28 23:12:54,770 - sqlalchemy.engine.Engine - INFO - base.py:2685 - COMMIT
2026-09-28 23:12:54,770 - aiosqlite - DEBUG - core.py:62 - executing functools.partial(<built-in method commit of sqlite3.Connection object at 0x0000021C0F060C70>)
2026-09-28 23:12:54,770 - aiosqlite - DEBUG - core.py:67 - operation functools.partial(<built-in method commit of sqlite3.Connection object at 0x0000021C0F060C70>) completed
2026-09-28 23:12:54,770 - aiosqlite - DEBUG - core.py:62 - executing functools.partial(<built-in method rollback of sqlite3.Connection object at 0x0000021C0F060C70>)
2026-09-28 23:12:54,770 - aiosqlite - DEBUG - core.py:67 - operation functools.partial(<built-in method rollback of sqlite3.Connection object at 0x0000021C0F060C70>) completed
2026-09-28 23:12:54,771 - core.database - INFO - database.py:128 - 数据表已就绪（如不存在则已创建）
2026-09-28 23:12:54,771 - core.cache - INFO - cache.py:271 - 内存缓存已就绪 (max_size=10000)
2026-09-28 23:12:54,771 - core.queue - INFO - queue.py:49 - 内存队列已启动 (handlers=[])
2026-09-28 23:12:54,772 - app.factory - INFO - factory.py:33 - 应用启动成功 - 环境: Environment.DEVELOPMENT
2026-09-28 23:12:54,782 - sqlalchemy.engine.Engine - INFO - base.py:2679 - BEGIN (implicit)
2026-09-28 23:12:54,783 - aiosqlite - DEBUG - core.py:62 - executing functools.partial(<built-in method cursor of sqlite3.Connection object at 0x0000021C0F060C70>)
2026-09-28 23:12:54,783 - aiosqlite - DEBUG - core.py:67 - operation functools.partial(<built-in method cursor of sqlite3.Connection object at 0x0000021C0F060C70>) completed
2026-09-28 23:12:54,783 - sqlalchemy.engine.Engine - INFO - base.py:1822 - SELECT count(*) AS count_1 
FROM article
2026-09-28 23:12:54,783 - sqlalchemy.engine.Engine - INFO - base.py:1822 - [generated in 0.00051s] ()
2026-09-28 23:12:54,783 - aiosqlite - DEBUG - core.py:62 - executing functools.partial(<built-in method execute of sqlite3.Cursor object at 0x0000021C0F09C8C0>, 'SELECT count(*) AS count_1 \nFROM article', ())
2026-09-28 23:12:54,783 - aiosqlite - DEBUG - core.py:67 - operation functools.partial(<built-in method execute of sqlite3.Cursor object at 0x0000021C0F09C8C0>, 'SELECT count(*) AS count_1 \nFROM article', ()) completed
2026-09-28 23:12:54,783 - aiosqlite - DEBUG - core.py:62 - executing functools.partial(<built-in method fetchall of sqlite3.Cursor object at 0x0000021C0F09C8C0>)
2026-09-28 23:12:54,784 - aiosqlite - DEBUG - core.py:67 - operation functools.partial(<built-in method fetchall of sqlite3.Cursor object at 0x0000021C0F09C8C0>) completed
2026-09-28 23:12:54,784 - aiosqlite - DEBUG - core.py:62 - executing functools.partial(<built-in method close of sqlite3.Cursor object at 0x0000021C0F09C8C0>)
2026-09-28 23:12:54,784 - aiosqlite - DEBUG - core.py:67 - operation functools.partial(<built-in method close of sqlite3.Cursor object at 0x0000021C0F09C8C0>) completed
2026-09-28 23:12:54,788 - aiosqlite - DEBUG - core.py:62 - executing functools.partial(<built-in method cursor of sqlite3.Connection object at 0x0000021C0F060C70>)
2026-09-28 23:12:54,788 - aiosqlite - DEBUG - core.py:67 - operation functools.partial(<built-in method cursor of sqlite3.Connection object at 0x0000021C0F060C70>) completed
2026-09-28 23:12:54,789 - sqlalchemy.engine.Engine - INFO - base.py:1822 - SELECT article.id, article.title, article.content_md, article.summary, article.tags, article.cover, article.status, article.source, article.ai_model, article.origin_url, article.ext, article.created_at, article.updated_at 
FROM article ORDER BY article.id ASC
 LIMIT ? OFFSET ?
2026-09-28 23:12:54,789 - sqlalchemy.engine.Engine - INFO - base.py:1822 - [generated in 0.00058s] (20, 0)
2026-09-28 23:12:54,789 - aiosqlite - DEBUG - core.py:62 - executing functools.partial(<built-in method execute of sqlite3.Cursor object at 0x0000021C0F09C8C0>, 'SELECT article.id, article.title, article.content_md, article.summary, article.tags, article.cover, article.status, article.source, article.ai_model, article.origin_url, article.ext, article.created_at, article.updated_at \nFROM article ORDER BY article.id ASC\n LIMIT ? OFFSET ?', (20, 0))
2026-09-28 23:12:54,789 - aiosqlite - DEBUG - core.py:67 - operation functools.partial(<built-in method execute of sqlite3.Cursor object at 0x0000021C0F09C8C0>, 'SELECT article.id, article.title, article.content_md, article.summary, article.tags, article.cover, article.status, article.source, article.ai_model, article.origin_url, article.ext, article.created_at, article.updated_at \nFROM article ORDER BY article.id ASC\n LIMIT ? OFFSET ?', (20, 0)) completed
2026-09-28 23:12:54,789 - aiosqlite - DEBUG - core.py:62 - executing functools.partial(<built-in method fetchall of sqlite3.Cursor object at 0x0000021C0F09C8C0>)
2026-09-28 23:12:54,790 - aiosqlite - DEBUG - core.py:67 - operation functools.partial(<built-in method fetchall of sqlite3.Cursor object at 0x0000021C0F09C8C0>) completed
2026-09-28 23:12:54,790 - aiosqlite - DEBUG - core.py:62 - executing functools.partial(<built-in method close of sqlite3.Cursor object at 0x0000021C0F09C8C0>)
2026-09-28 23:12:54,790 - aiosqlite - DEBUG - core.py:67 - operation functools.partial(<built-in method close of sqlite3.Cursor object at 0x0000021C0F09C8C0>) completed
2026-09-28 23:12:54,790 - sqlalchemy.engine.Engine - INFO - base.py:2682 - ROLLBACK
2026-09-28 23:12:54,790 - aiosqlite - DEBUG - core.py:62 - executing functools.partial(<built-in method rollback of sqlite3.Connection object at 0x0000021C0F060C70>)
2026-09-28 23:12:54,790 - aiosqlite - DEBUG - core.py:67 - operation functools.partial(<built-in method rollback of sqlite3.Connection object at 0x0000021C0F060C70>) completed
2026-09-28 23:12:54,791 - aiosqlite - DEBUG - core.py:62 - executing functools.partial(<built-in method rollback of sqlite3.Connection object at 0x0000021C0F060C70>)
2026-09-28 23:12:54,791 - aiosqlite - DEBUG - core.py:67 - operation functools.partial(<built-in method rollback of sqlite3.Connection object at 0x0000021C0F060C70>) completed
2026-09-28 23:12:54,791 - httpx - INFO - _client.py:1025 - HTTP Request: GET http://testserver/api/v1/article "HTTP/1.1 200 OK"
2026-09-28 23:12:54,794 - sqlalchemy.engine.Engine - INFO - base.py:2679 - BEGIN (implicit)
2026-09-28 23:12:54,795 - aiosqlite - DEBUG - core.py:62 - executing functools.partial(<built-in method cursor of sqlite3.Connection object at 0x0000021C0F060C70>)
2026-09-28 23:12:54,795 - aiosqlite - DEBUG - core.py:67 - operation functools.partial(<built-in method cursor of sqlite3.Connection object at 0x0000021C0F060C70>) completed
2026-09-28 23:12:54,795 - sqlalchemy.engine.Engine - INFO - base.py:1822 - INSERT INTO article (title, content_md, summary, tags, cover, status, source, ai_model, origin_url, ext, created_at, updated_at) VALUES (?, ?, ?, ?, ?, ?, ?, ?, ?, ?, CURRENT_TIMESTAMP, CURRENT_TIMESTAMP) RETURNING id, created_at, updated_at
2026-09-28 23:12:54,795 - sqlalchemy.engine.Engine - INFO - base.py:1822 - [generated in 0.00056s] ('t', 'c', None, None, None, 'draft', 'human', None, None, '{}')
2026-09-28 23:12:54,795 - aiosqlite - DEBUG - core.py:62 - executing functools.partial(<built-in method execute of sqlite3.Cursor object at 0x0000021C0F13C440>, 'INSERT INTO article (title, content_md, summary, tags, cover, status, source, ai_model, origin_url, ext, created_at, updated_at) VALUES (?, ?, ?, ?, ?, ?, ?, ?, ?, ?, CURRENT_TIMESTAMP, CURRENT_TIMESTAMP) RETURNING id, created_at, updated_at', ('t', 'c', None, None, None, 'draft', 'human', None, None, '{}'))
2026-09-28 23:12:54,800 - aiosqlite - DEBUG - core.py:67 - operation functools.partial(<built-in method execute of sqlite3.Cursor object at 0x0000021C0F13C440>, 'INSERT INTO article (title, content_md, summary, tags, cover, status, source, ai_model, origin_url, ext, created_at, updated_at) VALUES (?, ?, ?, ?, ?, ?, ?, ?, ?, ?, CURRENT_TIMESTAMP, CURRENT_TIMESTAMP) RETURNING id, created_at, updated_at', ('t', 'c', None, None, None, 'draft', 'human', None, None, '{}')) completed
2026-09-28 23:12:54,800 - aiosqlite - DEBUG - core.py:62 - executing functools.partial(<built-in method fetchall of sqlite3.Cursor object at 0x0000021C0F13C440>)
2026-09-28 23:12:54,800 - aiosqlite - DEBUG - core.py:67 - operation functools.partial(<built-in method fetchall of sqlite3.Cursor object at 0x0000021C0F13C440>) completed
2026-09-28 23:12:54,800 - aiosqlite - DEBUG - core.py:62 - executing functools.partial(<built-in method close of sqlite3.Cursor object at 0x0000021C0F13C440>)
2026-09-28 23:12:54,801 - aiosqlite - DEBUG - core.py:67 - operation functools.partial(<built-in method close of sqlite3.Cursor object at 0x0000021C0F13C440>) completed
2026-09-28 23:12:54,801 - sqlalchemy.engine.Engine - INFO - base.py:2685 - COMMIT
2026-09-28 23:12:54,801 - aiosqlite - DEBUG - core.py:62 - executing functools.partial(<built-in method commit of sqlite3.Connection object at 0x0000021C0F060C70>)
2026-09-28 23:12:54,803 - aiosqlite - DEBUG - core.py:67 - operation functools.partial(<built-in method commit of sqlite3.Connection object at 0x0000021C0F060C70>) completed
2026-09-28 23:12:54,804 - aiosqlite - DEBUG - core.py:62 - executing functools.partial(<built-in method rollback of sqlite3.Connection object at 0x0000021C0F060C70>)
2026-09-28 23:12:54,804 - aiosqlite - DEBUG - core.py:67 - operation functools.partial(<built-in method rollback of sqlite3.Connection object at 0x0000021C0F060C70>) completed
2026-09-28 23:12:54,804 - sqlalchemy.engine.Engine - INFO - base.py:2679 - BEGIN (implicit)
2026-09-28 23:12:54,805 - aiosqlite - DEBUG - core.py:62 - executing functools.partial(<built-in method cursor of sqlite3.Connection object at 0x0000021C0F060C70>)
2026-09-28 23:12:54,806 - aiosqlite - DEBUG - core.py:67 - operation functools.partial(<built-in method cursor of sqlite3.Connection object at 0x0000021C0F060C70>) completed
2026-09-28 23:12:54,806 - sqlalchemy.engine.Engine - INFO - base.py:1822 - SELECT article.id, article.title, article.content_md, article.summary, article.tags, article.cover, article.status, article.source, article.ai_model, article.origin_url, article.ext, article.created_at, article.updated_at 
FROM article 
WHERE article.id = ?
2026-09-28 23:12:54,806 - sqlalchemy.engine.Engine - INFO - base.py:1822 - [generated in 0.00051s] (1,)
2026-09-28 23:12:54,806 - aiosqlite - DEBUG - core.py:62 - executing functools.partial(<built-in method execute of sqlite3.Cursor object at 0x0000021C0F13CFC0>, 'SELECT article.id, article.title, article.content_md, article.summary, article.tags, article.cover, article.status, article.source, article.ai_model, article.origin_url, article.ext, article.created_at, article.updated_at \nFROM article \nWHERE article.id = ?', (1,))
2026-09-28 23:12:54,806 - aiosqlite - DEBUG - core.py:67 - operation functools.partial(<built-in method execute of sqlite3.Cursor object at 0x0000021C0F13CFC0>, 'SELECT article.id, article.title, article.content_md, article.summary, article.tags, article.cover, article.status, article.source, article.ai_model, article.origin_url, article.ext, article.created_at, article.updated_at \nFROM article \nWHERE article.id = ?', (1,)) completed
2026-09-28 23:12:54,806 - aiosqlite - DEBUG - core.py:62 - executing functools.partial(<built-in method fetchall of sqlite3.Cursor object at 0x0000021C0F13CFC0>)
2026-09-28 23:12:54,807 - aiosqlite - DEBUG - core.py:67 - operation functools.partial(<built-in method fetchall of sqlite3.Cursor object at 0x0000021C0F13CFC0>) completed
2026-09-28 23:12:54,807 - aiosqlite - DEBUG - core.py:62 - executing functools.partial(<built-in method close of sqlite3.Cursor object at 0x0000021C0F13CFC0>)
2026-09-28 23:12:54,807 - aiosqlite - DEBUG - core.py:67 - operation functools.partial(<built-in method close of sqlite3.Cursor object at 0x0000021C0F13CFC0>) completed
2026-09-28 23:12:54,807 - sqlalchemy.engine.Engine - INFO - base.py:2682 - ROLLBACK
2026-09-28 23:12:54,807 - aiosqlite - DEBUG - core.py:62 - executing functools.partial(<built-in method rollback of sqlite3.Connection object at 0x0000021C0F060C70>)
2026-09-28 23:12:54,807 - aiosqlite - DEBUG - core.py:67 - operation functools.partial(<built-in method rollback of sqlite3.Connection object at 0x0000021C0F060C70>) completed
2026-09-28 23:12:54,808 - aiosqlite - DEBUG - core.py:62 - executing functools.partial(<built-in method rollback of sqlite3.Connection object at 0x0000021C0F060C70>)
2026-09-28 23:12:54,808 - aiosqlite - DEBUG - core.py:67 - operation functools.partial(<built-in method rollback of sqlite3.Connection object at 0x0000021C0F060C70>) completed
2026-09-28 23:12:54,808 - httpx - INFO - _client.py:1025 - HTTP Request: POST http://testserver/api/v1/article "HTTP/1.1 201 Created"
2026-09-28 23:12:54,810 - sqlalchemy.engine.Engine - INFO - base.py:2679 - BEGIN (implicit)
2026-09-28 23:12:54,810 - aiosqlite - DEBUG - core.py:62 - executing functools.partial(<built-in method cursor of sqlite3.Connection object at 0x0000021C0F060C70>)
2026-09-28 23:12:54,811 - sqlalchemy.engine.Engine - INFO - base.py:1822 - SELECT article.id, article.title, article.content_md, article.summary, article.tags, article.cover, article.status, article.source, article.ai_model, article.origin_url, article.ext, article.created_at, article.updated_at 
FROM article 
WHERE article.id = ?
2026-09-28 23:12:54,811 - aiosqlite - DEBUG - core.py:67 - operation functools.partial(<built-in method cursor of sqlite3.Connection object at 0x0000021C0F060C70>) completed
2026-09-28 23:12:54,811 - sqlalchemy.engine.Engine - INFO - base.py:1822 - [generated in 0.00040s] (1,)
2026-09-28 23:12:54,811 - aiosqlite - DEBUG - core.py:62 - executing functools.partial(<built-in method execute of sqlite3.Cursor object at 0x0000021C0F13D740>, 'SELECT article.id, article.title, article.content_md, article.summary, article.tags, article.cover, article.status, article.source, article.ai_model, article.origin_url, article.ext, article.created_at, article.updated_at \nFROM article \nWHERE article.id = ?', (1,))
2026-09-28 23:12:54,811 - aiosqlite - DEBUG - core.py:67 - operation functools.partial(<built-in method execute of sqlite3.Cursor object at 0x0000021C0F13D740>, 'SELECT article.id, article.title, article.content_md, article.summary, article.tags, article.cover, article.status, article.source, article.ai_model, article.origin_url, article.ext, article.created_at, article.updated_at \nFROM article \nWHERE article.id = ?', (1,)) completed
2026-09-28 23:12:54,811 - aiosqlite - DEBUG - core.py:62 - executing functools.partial(<built-in method fetchall of sqlite3.Cursor object at 0x0000021C0F13D740>)
2026-09-28 23:12:54,812 - aiosqlite - DEBUG - core.py:67 - operation functools.partial(<built-in method fetchall of sqlite3.Cursor object at 0x0000021C0F13D740>) completed
2026-09-28 23:12:54,812 - aiosqlite - DEBUG - core.py:62 - executing functools.partial(<built-in method close of sqlite3.Cursor object at 0x0000021C0F13D740>)
2026-09-28 23:12:54,812 - aiosqlite - DEBUG - core.py:67 - operation functools.partial(<built-in method close of sqlite3.Cursor object at 0x0000021C0F13D740>) completed
2026-09-28 23:12:54,812 - sqlalchemy.engine.Engine - INFO - base.py:2682 - ROLLBACK
2026-09-28 23:12:54,812 - aiosqlite - DEBUG - core.py:62 - executing functools.partial(<built-in method rollback of sqlite3.Connection object at 0x0000021C0F060C70>)
2026-09-28 23:12:54,812 - aiosqlite - DEBUG - core.py:67 - operation functools.partial(<built-in method rollback of sqlite3.Connection object at 0x0000021C0F060C70>) completed
2026-09-28 23:12:54,812 - aiosqlite - DEBUG - core.py:62 - executing functools.partial(<built-in method rollback of sqlite3.Connection object at 0x0000021C0F060C70>)
2026-09-28 23:12:54,812 - aiosqlite - DEBUG - core.py:67 - operation functools.partial(<built-in method rollback of sqlite3.Connection object at 0x0000021C0F060C70>) completed
2026-09-28 23:12:54,813 - httpx - INFO - _client.py:1025 - HTTP Request: GET http://testserver/api/v1/article/1 "HTTP/1.1 200 OK"
2026-09-28 23:12:54,814 - sqlalchemy.engine.Engine - INFO - base.py:2679 - BEGIN (implicit)
2026-09-28 23:12:54,815 - aiosqlite - DEBUG - core.py:62 - executing functools.partial(<built-in method cursor of sqlite3.Connection object at 0x0000021C0F060C70>)
2026-09-28 23:12:54,815 - aiosqlite - DEBUG - core.py:67 - operation functools.partial(<built-in method cursor of sqlite3.Connection object at 0x0000021C0F060C70>) completed
2026-09-28 23:12:54,815 - sqlalchemy.engine.Engine - INFO - base.py:1822 - SELECT article.id, article.title, article.content_md, article.summary, article.tags, article.cover, article.status, article.source, article.ai_model, article.origin_url, article.ext, article.created_at, article.updated_at 
FROM article 
WHERE article.id = ?
2026-09-28 23:12:54,815 - sqlalchemy.engine.Engine - INFO - base.py:1822 - [cached since 0.004743s ago] (1,)
2026-09-28 23:12:54,815 - aiosqlite - DEBUG - core.py:62 - executing functools.partial(<built-in method execute of sqlite3.Cursor object at 0x0000021C0F13E240>, 'SELECT article.id, article.title, article.content_md, article.summary, article.tags, article.cover, article.status, article.source, article.ai_model, article.origin_url, article.ext, article.created_at, article.updated_at \nFROM article \nWHERE article.id = ?', (1,))
2026-09-28 23:12:54,815 - aiosqlite - DEBUG - core.py:67 - operation functools.partial(<built-in method execute of sqlite3.Cursor object at 0x0000021C0F13E240>, 'SELECT article.id, article.title, article.content_md, article.summary, article.tags, article.cover, article.status, article.source, article.ai_model, article.origin_url, article.ext, article.created_at, article.updated_at \nFROM article \nWHERE article.id = ?', (1,)) completed
2026-09-28 23:12:54,815 - aiosqlite - DEBUG - core.py:62 - executing functools.partial(<built-in method fetchall of sqlite3.Cursor object at 0x0000021C0F13E240>)
2026-09-28 23:12:54,816 - aiosqlite - DEBUG - core.py:67 - operation functools.partial(<built-in method fetchall of sqlite3.Cursor object at 0x0000021C0F13E240>) completed
2026-09-28 23:12:54,816 - aiosqlite - DEBUG - core.py:62 - executing functools.partial(<built-in method close of sqlite3.Cursor object at 0x0000021C0F13E240>)
2026-09-28 23:12:54,816 - aiosqlite - DEBUG - core.py:67 - operation functools.partial(<built-in method close of sqlite3.Cursor object at 0x0000021C0F13E240>) completed
2026-09-28 23:12:54,816 - aiosqlite - DEBUG - core.py:62 - executing functools.partial(<built-in method cursor of sqlite3.Connection object at 0x0000021C0F060C70>)
2026-09-28 23:12:54,817 - aiosqlite - DEBUG - core.py:67 - operation functools.partial(<built-in method cursor of sqlite3.Connection object at 0x0000021C0F060C70>) completed
2026-09-28 23:12:54,817 - sqlalchemy.engine.Engine - INFO - base.py:1822 - UPDATE article SET title=? WHERE article.id = ?
2026-09-28 23:12:54,817 - sqlalchemy.engine.Engine - INFO - base.py:1822 - [generated in 0.00047s] ('t2', 1)
2026-09-28 23:12:54,817 - aiosqlite - DEBUG - core.py:62 - executing functools.partial(<built-in method execute of sqlite3.Cursor object at 0x0000021C0F13D240>, 'UPDATE article SET title=? WHERE article.id = ?', ('t2', 1))
2026-09-28 23:12:54,818 - aiosqlite - DEBUG - core.py:67 - operation functools.partial(<built-in method execute of sqlite3.Cursor object at 0x0000021C0F13D240>, 'UPDATE article SET title=? WHERE article.id = ?', ('t2', 1)) completed
2026-09-28 23:12:54,818 - aiosqlite - DEBUG - core.py:62 - executing functools.partial(<built-in method close of sqlite3.Cursor object at 0x0000021C0F13D240>)
2026-09-28 23:12:54,818 - aiosqlite - DEBUG - core.py:67 - operation functools.partial(<built-in method close of sqlite3.Cursor object at 0x0000021C0F13D240>) completed
2026-09-28 23:12:54,818 - sqlalchemy.engine.Engine - INFO - base.py:2685 - COMMIT
2026-09-28 23:12:54,819 - aiosqlite - DEBUG - core.py:62 - executing functools.partial(<built-in method commit of sqlite3.Connection object at 0x0000021C0F060C70>)
2026-09-28 23:12:54,820 - aiosqlite - DEBUG - core.py:67 - operation functools.partial(<built-in method commit of sqlite3.Connection object at 0x0000021C0F060C70>) completed
2026-09-28 23:12:54,821 - aiosqlite - DEBUG - core.py:62 - executing functools.partial(<built-in method rollback of sqlite3.Connection object at 0x0000021C0F060C70>)
2026-09-28 23:12:54,821 - aiosqlite - DEBUG - core.py:67 - operation functools.partial(<built-in method rollback of sqlite3.Connection object at 0x0000021C0F060C70>) completed
2026-09-28 23:12:54,821 - sqlalchemy.engine.Engine - INFO - base.py:2679 - BEGIN (implicit)
2026-09-28 23:12:54,821 - aiosqlite - DEBUG - core.py:62 - executing functools.partial(<built-in method cursor of sqlite3.Connection object at 0x0000021C0F060C70>)
2026-09-28 23:12:54,822 - aiosqlite - DEBUG - core.py:67 - operation functools.partial(<built-in method cursor of sqlite3.Connection object at 0x0000021C0F060C70>) completed
2026-09-28 23:12:54,822 - sqlalchemy.engine.Engine - INFO - base.py:1822 - SELECT article.id, article.title, article.content_md, article.summary, article.tags, article.cover, article.status, article.source, article.ai_model, article.origin_url, article.ext, article.created_at, article.updated_at 
FROM article 
WHERE article.id = ?
2026-09-28 23:12:54,822 - sqlalchemy.engine.Engine - INFO - base.py:1822 - [cached since 0.01649s ago] (1,)
2026-09-28 23:12:54,822 - aiosqlite - DEBUG - core.py:62 - executing functools.partial(<built-in method execute of sqlite3.Cursor object at 0x0000021C0F13E040>, 'SELECT article.id, article.title, article.content_md, article.summary, article.tags, article.cover, article.status, article.source, article.ai_model, article.origin_url, article.ext, article.created_at, article.updated_at \nFROM article \nWHERE article.id = ?', (1,))
2026-09-28 23:12:54,822 - aiosqlite - DEBUG - core.py:67 - operation functools.partial(<built-in method execute of sqlite3.Cursor object at 0x0000021C0F13E040>, 'SELECT article.id, article.title, article.content_md, article.summary, article.tags, article.cover, article.status, article.source, article.ai_model, article.origin_url, article.ext, article.created_at, article.updated_at \nFROM article \nWHERE article.id = ?', (1,)) completed
2026-09-28 23:12:54,822 - aiosqlite - DEBUG - core.py:62 - executing functools.partial(<built-in method fetchall of sqlite3.Cursor object at 0x0000021C0F13E040>)
2026-09-28 23:12:54,822 - aiosqlite - DEBUG - core.py:67 - operation functools.partial(<built-in method fetchall of sqlite3.Cursor object at 0x0000021C0F13E040>) completed
2026-09-28 23:12:54,823 - aiosqlite - DEBUG - core.py:62 - executing functools.partial(<built-in method close of sqlite3.Cursor object at 0x0000021C0F13E040>)
2026-09-28 23:12:54,823 - sqlalchemy.engine.Engine - INFO - base.py:2682 - ROLLBACK
2026-09-28 23:12:54,823 - aiosqlite - DEBUG - core.py:67 - operation functools.partial(<built-in method close of sqlite3.Cursor object at 0x0000021C0F13E040>) completed
2026-09-28 23:12:54,824 - aiosqlite - DEBUG - core.py:62 - executing functools.partial(<built-in method rollback of sqlite3.Connection object at 0x0000021C0F060C70>)
2026-09-28 23:12:54,824 - aiosqlite - DEBUG - core.py:67 - operation functools.partial(<built-in method rollback of sqlite3.Connection object at 0x0000021C0F060C70>) completed
2026-09-28 23:12:54,824 - aiosqlite - DEBUG - core.py:62 - executing functools.partial(<built-in method rollback of sqlite3.Connection object at 0x0000021C0F060C70>)
2026-09-28 23:12:54,824 - httpx - INFO - _client.py:1025 - HTTP Request: PUT http://testserver/api/v1/article/1 "HTTP/1.1 200 OK"
2026-09-28 23:12:54,825 - aiosqlite - DEBUG - core.py:67 - operation functools.partial(<built-in method rollback of sqlite3.Connection object at 0x0000021C0F060C70>) completed
2026-09-28 23:12:54,826 - sqlalchemy.engine.Engine - INFO - base.py:2679 - BEGIN (implicit)
2026-09-28 23:12:54,826 - aiosqlite - DEBUG - core.py:62 - executing functools.partial(<built-in method cursor of sqlite3.Connection object at 0x0000021C0F060C70>)
2026-09-28 23:12:54,827 - aiosqlite - DEBUG - core.py:67 - operation functools.partial(<built-in method cursor of sqlite3.Connection object at 0x0000021C0F060C70>) completed
2026-09-28 23:12:54,827 - sqlalchemy.engine.Engine - INFO - base.py:1822 - SELECT article.id, article.title, article.content_md, article.summary, article.tags, article.cover, article.status, article.source, article.ai_model, article.origin_url, article.ext, article.created_at, article.updated_at 
FROM article 
WHERE article.id = ?
2026-09-28 23:12:54,827 - sqlalchemy.engine.Engine - INFO - base.py:1822 - [cached since 0.0166s ago] (1,)
2026-09-28 23:12:54,827 - aiosqlite - DEBUG - core.py:62 - executing functools.partial(<built-in method execute of sqlite3.Cursor object at 0x0000021C0F13E2C0>, 'SELECT article.id, article.title, article.content_md, article.summary, article.tags, article.cover, article.status, article.source, article.ai_model, article.origin_url, article.ext, article.created_at, article.updated_at \nFROM article \nWHERE article.id = ?', (1,))
2026-09-28 23:12:54,827 - aiosqlite - DEBUG - core.py:67 - operation functools.partial(<built-in method execute of sqlite3.Cursor object at 0x0000021C0F13E2C0>, 'SELECT article.id, article.title, article.content_md, article.summary, article.tags, article.cover, article.status, article.source, article.ai_model, article.origin_url, article.ext, article.created_at, article.updated_at \nFROM article \nWHERE article.id = ?', (1,)) completed
2026-09-28 23:12:54,827 - aiosqlite - DEBUG - core.py:62 - executing functools.partial(<built-in method fetchall of sqlite3.Cursor object at 0x0000021C0F13E2C0>)
2026-09-28 23:12:54,828 - aiosqlite - DEBUG - core.py:67 - operation functools.partial(<built-in method fetchall of sqlite3.Cursor object at 0x0000021C0F13E2C0>) completed
2026-09-28 23:12:54,828 - aiosqlite - DEBUG - core.py:62 - executing functools.partial(<built-in method close of sqlite3.Cursor object at 0x0000021C0F13E2C0>)
2026-09-28 23:12:54,828 - aiosqlite - DEBUG - core.py:67 - operation functools.partial(<built-in method close of sqlite3.Cursor object at 0x0000021C0F13E2C0>) completed
2026-09-28 23:12:54,828 - aiosqlite - DEBUG - core.py:62 - executing functools.partial(<built-in method cursor of sqlite3.Connection object at 0x0000021C0F060C70>)
2026-09-28 23:12:54,829 - aiosqlite - DEBUG - core.py:67 - operation functools.partial(<built-in method cursor of sqlite3.Connection object at 0x0000021C0F060C70>) completed
2026-09-28 23:12:54,829 - sqlalchemy.engine.Engine - INFO - base.py:1822 - UPDATE article SET status=? WHERE article.id = ?
2026-09-28 23:12:54,829 - sqlalchemy.engine.Engine - INFO - base.py:1822 - [generated in 0.00044s] ('published', 1)
2026-09-28 23:12:54,829 - aiosqlite - DEBUG - core.py:62 - executing functools.partial(<built-in method execute of sqlite3.Cursor object at 0x0000021C0F13DFC0>, 'UPDATE article SET status=? WHERE article.id = ?', ('published', 1))
2026-09-28 23:12:54,829 - aiosqlite - DEBUG - core.py:67 - operation functools.partial(<built-in method execute of sqlite3.Cursor object at 0x0000021C0F13DFC0>, 'UPDATE article SET status=? WHERE article.id = ?', ('published', 1)) completed
2026-09-28 23:12:54,830 - aiosqlite - DEBUG - core.py:62 - executing functools.partial(<built-in method close of sqlite3.Cursor object at 0x0000021C0F13DFC0>)
2026-09-28 23:12:54,830 - aiosqlite - DEBUG - core.py:67 - operation functools.partial(<built-in method close of sqlite3.Cursor object at 0x0000021C0F13DFC0>) completed
2026-09-28 23:12:54,830 - sqlalchemy.engine.Engine - INFO - base.py:2685 - COMMIT
2026-09-28 23:12:54,830 - aiosqlite - DEBUG - core.py:62 - executing functools.partial(<built-in method commit of sqlite3.Connection object at 0x0000021C0F060C70>)
2026-09-28 23:12:54,832 - aiosqlite - DEBUG - core.py:67 - operation functools.partial(<built-in method commit of sqlite3.Connection object at 0x0000021C0F060C70>) completed
2026-09-28 23:12:54,832 - aiosqlite - DEBUG - core.py:62 - executing functools.partial(<built-in method rollback of sqlite3.Connection object at 0x0000021C0F060C70>)
2026-09-28 23:12:54,832 - aiosqlite - DEBUG - core.py:67 - operation functools.partial(<built-in method rollback of sqlite3.Connection object at 0x0000021C0F060C70>) completed
2026-09-28 23:12:54,832 - sqlalchemy.engine.Engine - INFO - base.py:2679 - BEGIN (implicit)
2026-09-28 23:12:54,833 - aiosqlite - DEBUG - core.py:62 - executing functools.partial(<built-in method cursor of sqlite3.Connection object at 0x0000021C0F060C70>)
2026-09-28 23:12:54,833 - aiosqlite - DEBUG - core.py:67 - operation functools.partial(<built-in method cursor of sqlite3.Connection object at 0x0000021C0F060C70>) completed
2026-09-28 23:12:54,833 - sqlalchemy.engine.Engine - INFO - base.py:1822 - SELECT article.id, article.title, article.content_md, article.summary, article.tags, article.cover, article.status, article.source, article.ai_model, article.origin_url, article.ext, article.created_at, article.updated_at 
FROM article 
WHERE article.id = ?
2026-09-28 23:12:54,833 - sqlalchemy.engine.Engine - INFO - base.py:1822 - [cached since 0.02772s ago] (1,)
2026-09-28 23:12:54,833 - aiosqlite - DEBUG - core.py:62 - executing functools.partial(<built-in method execute of sqlite3.Cursor object at 0x0000021C0F13E5C0>, 'SELECT article.id, article.title, article.content_md, article.summary, article.tags, article.cover, article.status, article.source, article.ai_model, article.origin_url, article.ext, article.created_at, article.updated_at \nFROM article \nWHERE article.id = ?', (1,))
2026-09-28 23:12:54,833 - aiosqlite - DEBUG - core.py:67 - operation functools.partial(<built-in method execute of sqlite3.Cursor object at 0x0000021C0F13E5C0>, 'SELECT article.id, article.title, article.content_md, article.summary, article.tags, article.cover, article.status, article.source, article.ai_model, article.origin_url, article.ext, article.created_at, article.updated_at \nFROM article \nWHERE article.id = ?', (1,)) completed
2026-09-28 23:12:54,833 - aiosqlite - DEBUG - core.py:62 - executing functools.partial(<built-in method fetchall of sqlite3.Cursor object at 0x0000021C0F13E5C0>)
2026-09-28 23:12:54,834 - aiosqlite - DEBUG - core.py:67 - operation functools.partial(<built-in method fetchall of sqlite3.Cursor object at 0x0000021C0F13E5C0>) completed
2026-09-28 23:12:54,834 - aiosqlite - DEBUG - core.py:62 - executing functools.partial(<built-in method close of sqlite3.Cursor object at 0x0000021C0F13E5C0>)
2026-09-28 23:12:54,834 - aiosqlite - DEBUG - core.py:67 - operation functools.partial(<built-in method close of sqlite3.Cursor object at 0x0000021C0F13E5C0>) completed
2026-09-28 23:12:54,835 - sqlalchemy.engine.Engine - INFO - base.py:2682 - ROLLBACK
2026-09-28 23:12:54,835 - aiosqlite - DEBUG - core.py:62 - executing functools.partial(<built-in method rollback of sqlite3.Connection object at 0x0000021C0F060C70>)
2026-09-28 23:12:54,835 - aiosqlite - DEBUG - core.py:67 - operation functools.partial(<built-in method rollback of sqlite3.Connection object at 0x0000021C0F060C70>) completed
2026-09-28 23:12:54,835 - aiosqlite - DEBUG - core.py:62 - executing functools.partial(<built-in method rollback of sqlite3.Connection object at 0x0000021C0F060C70>)
2026-09-28 23:12:54,836 - aiosqlite - DEBUG - core.py:67 - operation functools.partial(<built-in method rollback of sqlite3.Connection object at 0x0000021C0F060C70>) completed
2026-09-28 23:12:54,836 - httpx - INFO - _client.py:1025 - HTTP Request: PATCH http://testserver/api/v1/article/1/status "HTTP/1.1 200 OK"
2026-09-28 23:12:54,838 - sqlalchemy.engine.Engine - INFO - base.py:2679 - BEGIN (implicit)
2026-09-28 23:12:54,838 - aiosqlite - DEBUG - core.py:62 - executing functools.partial(<built-in method cursor of sqlite3.Connection object at 0x0000021C0F060C70>)
2026-09-28 23:12:54,838 - aiosqlite - DEBUG - core.py:67 - operation functools.partial(<built-in method cursor of sqlite3.Connection object at 0x0000021C0F060C70>) completed
2026-09-28 23:12:54,838 - sqlalchemy.engine.Engine - INFO - base.py:1822 - SELECT article.id, article.title, article.content_md, article.summary, article.tags, article.cover, article.status, article.source, article.ai_model, article.origin_url, article.ext, article.created_at, article.updated_at 
FROM article 
WHERE article.id = ?
2026-09-28 23:12:54,838 - sqlalchemy.engine.Engine - INFO - base.py:1822 - [cached since 0.02816s ago] (1,)
2026-09-28 23:12:54,838 - aiosqlite - DEBUG - core.py:62 - executing functools.partial(<built-in method execute of sqlite3.Cursor object at 0x0000021C0F13E440>, 'SELECT article.id, article.title, article.content_md, article.summary, article.tags, article.cover, article.status, article.source, article.ai_model, article.origin_url, article.ext, article.created_at, article.updated_at \nFROM article \nWHERE article.id = ?', (1,))
2026-09-28 23:12:54,839 - aiosqlite - DEBUG - core.py:67 - operation functools.partial(<built-in method execute of sqlite3.Cursor object at 0x0000021C0F13E440>, 'SELECT article.id, article.title, article.content_md, article.summary, article.tags, article.cover, article.status, article.source, article.ai_model, article.origin_url, article.ext, article.created_at, article.updated_at \nFROM article \nWHERE article.id = ?', (1,)) completed
2026-09-28 23:12:54,839 - aiosqlite - DEBUG - core.py:62 - executing functools.partial(<built-in method fetchall of sqlite3.Cursor object at 0x0000021C0F13E440>)
2026-09-28 23:12:54,839 - aiosqlite - DEBUG - core.py:67 - operation functools.partial(<built-in method fetchall of sqlite3.Cursor object at 0x0000021C0F13E440>) completed
2026-09-28 23:12:54,839 - aiosqlite - DEBUG - core.py:62 - executing functools.partial(<built-in method close of sqlite3.Cursor object at 0x0000021C0F13E440>)
2026-09-28 23:12:54,841 - aiosqlite - DEBUG - core.py:67 - operation functools.partial(<built-in method close of sqlite3.Cursor object at 0x0000021C0F13E440>) completed
2026-09-28 23:12:54,841 - aiosqlite - DEBUG - core.py:62 - executing functools.partial(<built-in method cursor of sqlite3.Connection object at 0x0000021C0F060C70>)
2026-09-28 23:12:54,841 - aiosqlite - DEBUG - core.py:67 - operation functools.partial(<built-in method cursor of sqlite3.Connection object at 0x0000021C0F060C70>) completed
2026-09-28 23:12:54,841 - sqlalchemy.engine.Engine - INFO - base.py:1822 - DELETE FROM article WHERE article.id = ?
2026-09-28 23:12:54,841 - sqlalchemy.engine.Engine - INFO - base.py:1822 - [generated in 0.00057s] (1,)
2026-09-28 23:12:54,841 - aiosqlite - DEBUG - core.py:62 - executing functools.partial(<built-in method execute of sqlite3.Cursor object at 0x0000021C0F13E2C0>, 'DELETE FROM article WHERE article.id = ?', (1,))
2026-09-28 23:12:54,842 - aiosqlite - DEBUG - core.py:67 - operation functools.partial(<built-in method execute of sqlite3.Cursor object at 0x0000021C0F13E2C0>, 'DELETE FROM article WHERE article.id = ?', (1,)) completed
2026-09-28 23:12:54,842 - aiosqlite - DEBUG - core.py:62 - executing functools.partial(<built-in method close of sqlite3.Cursor object at 0x0000021C0F13E2C0>)
2026-09-28 23:12:54,842 - aiosqlite - DEBUG - core.py:67 - operation functools.partial(<built-in method close of sqlite3.Cursor object at 0x0000021C0F13E2C0>) completed
2026-09-28 23:12:54,842 - sqlalchemy.engine.Engine - INFO - base.py:2685 - COMMIT
2026-09-28 23:12:54,842 - aiosqlite - DEBUG - core.py:62 - executing functools.partial(<built-in method commit of sqlite3.Connection object at 0x0000021C0F060C70>)
2026-09-28 23:12:54,843 - aiosqlite - DEBUG - core.py:67 - operation functools.partial(<built-in method commit of sqlite3.Connection object at 0x0000021C0F060C70>) completed
2026-09-28 23:12:54,843 - aiosqlite - DEBUG - core.py:62 - executing functools.partial(<built-in method rollback of sqlite3.Connection object at 0x0000021C0F060C70>)
2026-09-28 23:12:54,843 - aiosqlite - DEBUG - core.py:67 - operation functools.partial(<built-in method rollback of sqlite3.Connection object at 0x0000021C0F060C70>) completed
2026-09-28 23:12:54,844 - httpx - INFO - _client.py:1025 - HTTP Request: DELETE http://testserver/api/v1/article/1 "HTTP/1.1 200 OK"
2026-09-28 23:12:54,845 - sqlalchemy.engine.Engine - INFO - base.py:2679 - BEGIN (implicit)
2026-09-28 23:12:54,846 - aiosqlite - DEBUG - core.py:62 - executing functools.partial(<built-in method cursor of sqlite3.Connection object at 0x0000021C0F060C70>)
2026-09-28 23:12:54,846 - aiosqlite - DEBUG - core.py:67 - operation functools.partial(<built-in method cursor of sqlite3.Connection object at 0x0000021C0F060C70>) completed
2026-09-28 23:12:54,846 - sqlalchemy.engine.Engine - INFO - base.py:1822 - SELECT article.id, article.title, article.content_md, article.summary, article.tags, article.cover, article.status, article.source, article.ai_model, article.origin_url, article.ext, article.created_at, article.updated_at 
FROM article 
WHERE article.id = ?
2026-09-28 23:12:54,846 - sqlalchemy.engine.Engine - INFO - base.py:1822 - [cached since 0.03606s ago] (1,)
2026-09-28 23:12:54,846 - aiosqlite - DEBUG - core.py:62 - executing functools.partial(<built-in method execute of sqlite3.Cursor object at 0x0000021C0F13E240>, 'SELECT article.id, article.title, article.content_md, article.summary, article.tags, article.cover, article.status, article.source, article.ai_model, article.origin_url, article.ext, article.created_at, article.updated_at \nFROM article \nWHERE article.id = ?', (1,))
2026-09-28 23:12:54,846 - aiosqlite - DEBUG - core.py:67 - operation functools.partial(<built-in method execute of sqlite3.Cursor object at 0x0000021C0F13E240>, 'SELECT article.id, article.title, article.content_md, article.summary, article.tags, article.cover, article.status, article.source, article.ai_model, article.origin_url, article.ext, article.created_at, article.updated_at \nFROM article \nWHERE article.id = ?', (1,)) completed
2026-09-28 23:12:54,847 - aiosqlite - DEBUG - core.py:62 - executing functools.partial(<built-in method fetchall of sqlite3.Cursor object at 0x0000021C0F13E240>)
2026-09-28 23:12:54,847 - aiosqlite - DEBUG - core.py:67 - operation functools.partial(<built-in method fetchall of sqlite3.Cursor object at 0x0000021C0F13E240>) completed
2026-09-28 23:12:54,847 - aiosqlite - DEBUG - core.py:62 - executing functools.partial(<built-in method close of sqlite3.Cursor object at 0x0000021C0F13E240>)
2026-09-28 23:12:54,847 - aiosqlite - DEBUG - core.py:67 - operation functools.partial(<built-in method close of sqlite3.Cursor object at 0x0000021C0F13E240>) completed
2026-09-28 23:12:54,847 - sqlalchemy.engine.Engine - INFO - base.py:2682 - ROLLBACK
2026-09-28 23:12:54,847 - aiosqlite - DEBUG - core.py:62 - executing functools.partial(<built-in method rollback of sqlite3.Connection object at 0x0000021C0F060C70>)
2026-09-28 23:12:54,847 - aiosqlite - DEBUG - core.py:67 - operation functools.partial(<built-in method rollback of sqlite3.Connection object at 0x0000021C0F060C70>) completed
2026-09-28 23:12:54,847 - aiosqlite - DEBUG - core.py:62 - executing functools.partial(<built-in method rollback of sqlite3.Connection object at 0x0000021C0F060C70>)
2026-09-28 23:12:54,849 - aiosqlite - DEBUG - core.py:67 - operation functools.partial(<built-in method rollback of sqlite3.Connection object at 0x0000021C0F060C70>) completed
2026-09-28 23:12:54,849 - httpx - INFO - _client.py:1025 - HTTP Request: GET http://testserver/api/v1/article/1 "HTTP/1.1 404 Not Found"
2026-09-28 23:12:54,850 - app.factory - INFO - factory.py:39 - 正在关闭应用资源...
2026-09-28 23:12:55,784 - core.queue - INFO - queue.py:67 - 内存队列已停止
2026-09-28 23:12:55,785 - core.cache - INFO - cache.py:281 - 缓存系统已关闭
2026-09-28 23:12:55,785 - aiosqlite - DEBUG - core.py:62 - executing functools.partial(<built-in method close of sqlite3.Connection object at 0x0000021C0F060C70>)
2026-09-28 23:12:55,785 - aiosqlite - DEBUG - core.py:67 - operation functools.partial(<built-in method close of sqlite3.Connection object at 0x0000021C0F060C70>) completed
2026-09-28 23:12:55,785 - aiosqlite - DEBUG - core.py:62 - executing <function Connection.stop.<locals>.close_and_stop at 0x0000021C0F0BF7E0>
2026-09-28 23:12:55,785 - core.database - INFO - database.py:137 - 异步数据库连接池已关闭
2026-09-28 23:12:55,786 - aiosqlite - DEBUG - core.py:67 - operation <function Connection.stop.<locals>.close_and_stop at 0x0000021C0F0BF7E0> completed
2026-09-28 23:12:55,786 - app.factory - INFO - factory.py:44 - 应用已安全关闭
2026-09-28 23:14:38,841 - aiosqlite - DEBUG - core.py:62 - executing <function connect.<locals>.connector at 0x000002B4D67CB600>
2026-09-28 23:14:38,843 - aiosqlite - DEBUG - core.py:67 - operation <function connect.<locals>.connector at 0x000002B4D67CB600> completed
2026-09-28 23:14:38,844 - aiosqlite - DEBUG - core.py:62 - executing functools.partial(<built-in method create_function of sqlite3.Connection object at 0x000002B4D67D0C70>, 'regexp', 2, <function SQLiteDialect_pysqlite.on_connect.<locals>.regexp at 0x000002B4D67CA7A0>, deterministic=True)
2026-09-28 23:14:38,844 - aiosqlite - DEBUG - core.py:67 - operation functools.partial(<built-in method create_function of sqlite3.Connection object at 0x000002B4D67D0C70>, 'regexp', 2, <function SQLiteDialect_pysqlite.on_connect.<locals>.regexp at 0x000002B4D67CA7A0>, deterministic=True) completed
2026-09-28 23:14:38,844 - aiosqlite - DEBUG - core.py:62 - executing functools.partial(<built-in method create_function of sqlite3.Connection object at 0x000002B4D67D0C70>, 'floor', 1, <built-in function floor>, deterministic=True)
2026-09-28 23:14:38,844 - aiosqlite - DEBUG - core.py:67 - operation functools.partial(<built-in method create_function of sqlite3.Connection object at 0x000002B4D67D0C70>, 'floor', 1, <built-in function floor>, deterministic=True) completed
2026-09-28 23:14:38,844 - aiosqlite - DEBUG - core.py:62 - executing functools.partial(<built-in method cursor of sqlite3.Connection object at 0x000002B4D67D0C70>)
2026-09-28 23:14:38,844 - aiosqlite - DEBUG - core.py:67 - operation functools.partial(<built-in method cursor of sqlite3.Connection object at 0x000002B4D67D0C70>) completed
2026-09-28 23:14:38,844 - aiosqlite - DEBUG - core.py:62 - executing functools.partial(<built-in method execute of sqlite3.Cursor object at 0x000002B4D67CCEC0>, 'PRAGMA read_uncommitted', [])
2026-09-28 23:14:38,844 - aiosqlite - DEBUG - core.py:67 - operation functools.partial(<built-in method execute of sqlite3.Cursor object at 0x000002B4D67CCEC0>, 'PRAGMA read_uncommitted', []) completed
2026-09-28 23:14:38,845 - aiosqlite - DEBUG - core.py:62 - executing functools.partial(<built-in method fetchall of sqlite3.Cursor object at 0x000002B4D67CCEC0>)
2026-09-28 23:14:38,845 - aiosqlite - DEBUG - core.py:67 - operation functools.partial(<built-in method fetchall of sqlite3.Cursor object at 0x000002B4D67CCEC0>) completed
2026-09-28 23:14:38,845 - aiosqlite - DEBUG - core.py:62 - executing functools.partial(<built-in method close of sqlite3.Cursor object at 0x000002B4D67CCEC0>)
2026-09-28 23:14:38,845 - aiosqlite - DEBUG - core.py:67 - operation functools.partial(<built-in method close of sqlite3.Cursor object at 0x000002B4D67CCEC0>) completed
2026-09-28 23:14:38,845 - aiosqlite - DEBUG - core.py:62 - executing functools.partial(<built-in method rollback of sqlite3.Connection object at 0x000002B4D67D0C70>)
2026-09-28 23:14:38,845 - aiosqlite - DEBUG - core.py:67 - operation functools.partial(<built-in method rollback of sqlite3.Connection object at 0x000002B4D67D0C70>) completed
2026-09-28 23:14:38,845 - aiosqlite - DEBUG - core.py:62 - executing functools.partial(<built-in method cursor of sqlite3.Connection object at 0x000002B4D67D0C70>)
2026-09-28 23:14:38,846 - aiosqlite - DEBUG - core.py:67 - operation functools.partial(<built-in method cursor of sqlite3.Connection object at 0x000002B4D67D0C70>) completed
2026-09-28 23:14:38,846 - sqlalchemy.engine.Engine - INFO - base.py:2679 - BEGIN (implicit)
2026-09-28 23:14:38,846 - sqlalchemy.engine.Engine - INFO - base.py:1822 - SELECT 1
2026-09-28 23:14:38,846 - sqlalchemy.engine.Engine - INFO - base.py:1822 - [generated in 0.00066s] ()
2026-09-28 23:14:38,846 - aiosqlite - DEBUG - core.py:62 - executing functools.partial(<built-in method execute of sqlite3.Cursor object at 0x000002B4D67CD1C0>, 'SELECT 1', ())
2026-09-28 23:14:38,847 - aiosqlite - DEBUG - core.py:67 - operation functools.partial(<built-in method execute of sqlite3.Cursor object at 0x000002B4D67CD1C0>, 'SELECT 1', ()) completed
2026-09-28 23:14:38,847 - aiosqlite - DEBUG - core.py:62 - executing functools.partial(<built-in method fetchall of sqlite3.Cursor object at 0x000002B4D67CD1C0>)
2026-09-28 23:14:38,847 - aiosqlite - DEBUG - core.py:67 - operation functools.partial(<built-in method fetchall of sqlite3.Cursor object at 0x000002B4D67CD1C0>) completed
2026-09-28 23:14:38,847 - aiosqlite - DEBUG - core.py:62 - executing functools.partial(<built-in method close of sqlite3.Cursor object at 0x000002B4D67CD1C0>)
2026-09-28 23:14:38,847 - aiosqlite - DEBUG - core.py:67 - operation functools.partial(<built-in method close of sqlite3.Cursor object at 0x000002B4D67CD1C0>) completed
2026-09-28 23:14:38,847 - sqlalchemy.engine.Engine - INFO - base.py:2682 - ROLLBACK
2026-09-28 23:14:38,848 - aiosqlite - DEBUG - core.py:62 - executing functools.partial(<built-in method rollback of sqlite3.Connection object at 0x000002B4D67D0C70>)
2026-09-28 23:14:38,848 - aiosqlite - DEBUG - core.py:67 - operation functools.partial(<built-in method rollback of sqlite3.Connection object at 0x000002B4D67D0C70>) completed
2026-09-28 23:14:38,848 - core.database - INFO - database.py:119 - 异步数据库连接池创建成功: sqlite+aiosqlite:///./data/smoke_hub.db
2026-09-28 23:14:38,848 - sqlalchemy.engine.Engine - INFO - base.py:2679 - BEGIN (implicit)
2026-09-28 23:14:38,848 - aiosqlite - DEBUG - core.py:62 - executing functools.partial(<built-in method cursor of sqlite3.Connection object at 0x000002B4D67D0C70>)
2026-09-28 23:14:38,849 - sqlalchemy.engine.Engine - INFO - base.py:1822 - PRAGMA main.table_info("article")
2026-09-28 23:14:38,849 - aiosqlite - DEBUG - core.py:67 - operation functools.partial(<built-in method cursor of sqlite3.Connection object at 0x000002B4D67D0C70>) completed
2026-09-28 23:14:38,849 - sqlalchemy.engine.Engine - INFO - base.py:1822 - [raw sql] ()
2026-09-28 23:14:38,849 - aiosqlite - DEBUG - core.py:62 - executing functools.partial(<built-in method execute of sqlite3.Cursor object at 0x000002B4D67CDA40>, 'PRAGMA main.table_info("article")', ())
2026-09-28 23:14:38,849 - aiosqlite - DEBUG - core.py:67 - operation functools.partial(<built-in method execute of sqlite3.Cursor object at 0x000002B4D67CDA40>, 'PRAGMA main.table_info("article")', ()) completed
2026-09-28 23:14:38,849 - aiosqlite - DEBUG - core.py:62 - executing functools.partial(<built-in method fetchall of sqlite3.Cursor object at 0x000002B4D67CDA40>)
2026-09-28 23:14:38,850 - aiosqlite - DEBUG - core.py:67 - operation functools.partial(<built-in method fetchall of sqlite3.Cursor object at 0x000002B4D67CDA40>) completed
2026-09-28 23:14:38,850 - aiosqlite - DEBUG - core.py:62 - executing functools.partial(<built-in method close of sqlite3.Cursor object at 0x000002B4D67CDA40>)
2026-09-28 23:14:38,850 - aiosqlite - DEBUG - core.py:67 - operation functools.partial(<built-in method close of sqlite3.Cursor object at 0x000002B4D67CDA40>) completed
2026-09-28 23:14:38,850 - aiosqlite - DEBUG - core.py:62 - executing functools.partial(<built-in method cursor of sqlite3.Connection object at 0x000002B4D67D0C70>)
2026-09-28 23:14:38,850 - sqlalchemy.engine.Engine - INFO - base.py:1822 - PRAGMA main.table_info("publication")
2026-09-28 23:14:38,850 - aiosqlite - DEBUG - core.py:67 - operation functools.partial(<built-in method cursor of sqlite3.Connection object at 0x000002B4D67D0C70>) completed
2026-09-28 23:14:38,850 - sqlalchemy.engine.Engine - INFO - base.py:1822 - [raw sql] ()
2026-09-28 23:14:38,850 - aiosqlite - DEBUG - core.py:62 - executing functools.partial(<built-in method execute of sqlite3.Cursor object at 0x000002B4D67CDEC0>, 'PRAGMA main.table_info("publication")', ())
2026-09-28 23:14:38,850 - aiosqlite - DEBUG - core.py:67 - operation functools.partial(<built-in method execute of sqlite3.Cursor object at 0x000002B4D67CDEC0>, 'PRAGMA main.table_info("publication")', ()) completed
2026-09-28 23:14:38,850 - aiosqlite - DEBUG - core.py:62 - executing functools.partial(<built-in method fetchall of sqlite3.Cursor object at 0x000002B4D67CDEC0>)
2026-09-28 23:14:38,851 - aiosqlite - DEBUG - core.py:67 - operation functools.partial(<built-in method fetchall of sqlite3.Cursor object at 0x000002B4D67CDEC0>) completed
2026-09-28 23:14:38,851 - aiosqlite - DEBUG - core.py:62 - executing functools.partial(<built-in method close of sqlite3.Cursor object at 0x000002B4D67CDEC0>)
2026-09-28 23:14:38,851 - aiosqlite - DEBUG - core.py:67 - operation functools.partial(<built-in method close of sqlite3.Cursor object at 0x000002B4D67CDEC0>) completed
2026-09-28 23:14:38,851 - aiosqlite - DEBUG - core.py:62 - executing functools.partial(<built-in method cursor of sqlite3.Connection object at 0x000002B4D67D0C70>)
2026-09-28 23:14:38,851 - sqlalchemy.engine.Engine - INFO - base.py:1822 - PRAGMA main.table_info("account")
2026-09-28 23:14:38,851 - aiosqlite - DEBUG - core.py:67 - operation functools.partial(<built-in method cursor of sqlite3.Connection object at 0x000002B4D67D0C70>) completed
2026-09-28 23:14:38,851 - sqlalchemy.engine.Engine - INFO - base.py:1822 - [raw sql] ()
2026-09-28 23:14:38,851 - aiosqlite - DEBUG - core.py:62 - executing functools.partial(<built-in method execute of sqlite3.Cursor object at 0x000002B4D67CE240>, 'PRAGMA main.table_info("account")', ())
2026-09-28 23:14:38,851 - aiosqlite - DEBUG - core.py:67 - operation functools.partial(<built-in method execute of sqlite3.Cursor object at 0x000002B4D67CE240>, 'PRAGMA main.table_info("account")', ()) completed
2026-09-28 23:14:38,851 - aiosqlite - DEBUG - core.py:62 - executing functools.partial(<built-in method fetchall of sqlite3.Cursor object at 0x000002B4D67CE240>)
2026-09-28 23:14:38,852 - aiosqlite - DEBUG - core.py:67 - operation functools.partial(<built-in method fetchall of sqlite3.Cursor object at 0x000002B4D67CE240>) completed
2026-09-28 23:14:38,852 - aiosqlite - DEBUG - core.py:62 - executing functools.partial(<built-in method close of sqlite3.Cursor object at 0x000002B4D67CE240>)
2026-09-28 23:14:38,852 - aiosqlite - DEBUG - core.py:67 - operation functools.partial(<built-in method close of sqlite3.Cursor object at 0x000002B4D67CE240>) completed
2026-09-28 23:14:38,852 - aiosqlite - DEBUG - core.py:62 - executing functools.partial(<built-in method cursor of sqlite3.Connection object at 0x000002B4D67D0C70>)
2026-09-28 23:14:38,852 - sqlalchemy.engine.Engine - INFO - base.py:1822 - PRAGMA main.table_info("job")
2026-09-28 23:14:38,852 - aiosqlite - DEBUG - core.py:67 - operation functools.partial(<built-in method cursor of sqlite3.Connection object at 0x000002B4D67D0C70>) completed
2026-09-28 23:14:38,852 - sqlalchemy.engine.Engine - INFO - base.py:1822 - [raw sql] ()
2026-09-28 23:14:38,852 - aiosqlite - DEBUG - core.py:62 - executing functools.partial(<built-in method execute of sqlite3.Cursor object at 0x000002B4D67CE5C0>, 'PRAGMA main.table_info("job")', ())
2026-09-28 23:14:38,852 - aiosqlite - DEBUG - core.py:67 - operation functools.partial(<built-in method execute of sqlite3.Cursor object at 0x000002B4D67CE5C0>, 'PRAGMA main.table_info("job")', ()) completed
2026-09-28 23:14:38,852 - aiosqlite - DEBUG - core.py:62 - executing functools.partial(<built-in method fetchall of sqlite3.Cursor object at 0x000002B4D67CE5C0>)
2026-09-28 23:14:38,852 - aiosqlite - DEBUG - core.py:67 - operation functools.partial(<built-in method fetchall of sqlite3.Cursor object at 0x000002B4D67CE5C0>) completed
2026-09-28 23:14:38,853 - aiosqlite - DEBUG - core.py:62 - executing functools.partial(<built-in method close of sqlite3.Cursor object at 0x000002B4D67CE5C0>)
2026-09-28 23:14:38,853 - aiosqlite - DEBUG - core.py:67 - operation functools.partial(<built-in method close of sqlite3.Cursor object at 0x000002B4D67CE5C0>) completed
2026-09-28 23:14:38,853 - aiosqlite - DEBUG - core.py:62 - executing functools.partial(<built-in method cursor of sqlite3.Connection object at 0x000002B4D67D0C70>)
2026-09-28 23:14:38,853 - sqlalchemy.engine.Engine - INFO - base.py:1822 - PRAGMA main.table_info("task")
2026-09-28 23:14:38,853 - aiosqlite - DEBUG - core.py:67 - operation functools.partial(<built-in method cursor of sqlite3.Connection object at 0x000002B4D67D0C70>) completed
2026-09-28 23:14:38,853 - sqlalchemy.engine.Engine - INFO - base.py:1822 - [raw sql] ()
2026-09-28 23:14:38,853 - aiosqlite - DEBUG - core.py:62 - executing functools.partial(<built-in method execute of sqlite3.Cursor object at 0x000002B4D67CE640>, 'PRAGMA main.table_info("task")', ())
2026-09-28 23:14:38,853 - aiosqlite - DEBUG - core.py:67 - operation functools.partial(<built-in method execute of sqlite3.Cursor object at 0x000002B4D67CE640>, 'PRAGMA main.table_info("task")', ()) completed
2026-09-28 23:14:38,853 - aiosqlite - DEBUG - core.py:62 - executing functools.partial(<built-in method fetchall of sqlite3.Cursor object at 0x000002B4D67CE640>)
2026-09-28 23:14:38,854 - aiosqlite - DEBUG - core.py:67 - operation functools.partial(<built-in method fetchall of sqlite3.Cursor object at 0x000002B4D67CE640>) completed
2026-09-28 23:14:38,854 - aiosqlite - DEBUG - core.py:62 - executing functools.partial(<built-in method close of sqlite3.Cursor object at 0x000002B4D67CE640>)
2026-09-28 23:14:38,854 - aiosqlite - DEBUG - core.py:67 - operation functools.partial(<built-in method close of sqlite3.Cursor object at 0x000002B4D67CE640>) completed
2026-09-28 23:14:38,854 - sqlalchemy.engine.Engine - INFO - base.py:2685 - COMMIT
2026-09-28 23:14:38,854 - aiosqlite - DEBUG - core.py:62 - executing functools.partial(<built-in method commit of sqlite3.Connection object at 0x000002B4D67D0C70>)
2026-09-28 23:14:38,854 - aiosqlite - DEBUG - core.py:67 - operation functools.partial(<built-in method commit of sqlite3.Connection object at 0x000002B4D67D0C70>) completed
2026-09-28 23:14:38,854 - aiosqlite - DEBUG - core.py:62 - executing functools.partial(<built-in method rollback of sqlite3.Connection object at 0x000002B4D67D0C70>)
2026-09-28 23:14:38,855 - aiosqlite - DEBUG - core.py:67 - operation functools.partial(<built-in method rollback of sqlite3.Connection object at 0x000002B4D67D0C70>) completed
2026-09-28 23:14:38,855 - core.database - INFO - database.py:128 - 数据表已就绪（如不存在则已创建）
2026-09-28 23:14:38,855 - core.cache - INFO - cache.py:271 - 内存缓存已就绪 (max_size=10000)
2026-09-28 23:14:38,855 - core.queue - INFO - queue.py:49 - 内存队列已启动 (handlers=[])
2026-09-28 23:14:38,855 - app.factory - INFO - factory.py:33 - 应用启动成功 - 环境: Environment.DEVELOPMENT
2026-09-28 23:14:38,866 - sqlalchemy.engine.Engine - INFO - base.py:2679 - BEGIN (implicit)
2026-09-28 23:14:38,867 - aiosqlite - DEBUG - core.py:62 - executing functools.partial(<built-in method cursor of sqlite3.Connection object at 0x000002B4D67D0C70>)
2026-09-28 23:14:38,867 - aiosqlite - DEBUG - core.py:67 - operation functools.partial(<built-in method cursor of sqlite3.Connection object at 0x000002B4D67D0C70>) completed
2026-09-28 23:14:38,867 - sqlalchemy.engine.Engine - INFO - base.py:1822 - SELECT count(*) AS count_1 
FROM article
2026-09-28 23:14:38,867 - sqlalchemy.engine.Engine - INFO - base.py:1822 - [generated in 0.00056s] ()
2026-09-28 23:14:38,868 - aiosqlite - DEBUG - core.py:62 - executing functools.partial(<built-in method execute of sqlite3.Cursor object at 0x000002B4D680C8C0>, 'SELECT count(*) AS count_1 \nFROM article', ())
2026-09-28 23:14:38,868 - aiosqlite - DEBUG - core.py:67 - operation functools.partial(<built-in method execute of sqlite3.Cursor object at 0x000002B4D680C8C0>, 'SELECT count(*) AS count_1 \nFROM article', ()) completed
2026-09-28 23:14:38,868 - aiosqlite - DEBUG - core.py:62 - executing functools.partial(<built-in method fetchall of sqlite3.Cursor object at 0x000002B4D680C8C0>)
2026-09-28 23:14:38,868 - aiosqlite - DEBUG - core.py:67 - operation functools.partial(<built-in method fetchall of sqlite3.Cursor object at 0x000002B4D680C8C0>) completed
2026-09-28 23:14:38,868 - aiosqlite - DEBUG - core.py:62 - executing functools.partial(<built-in method close of sqlite3.Cursor object at 0x000002B4D680C8C0>)
2026-09-28 23:14:38,868 - aiosqlite - DEBUG - core.py:67 - operation functools.partial(<built-in method close of sqlite3.Cursor object at 0x000002B4D680C8C0>) completed
2026-09-28 23:14:38,872 - aiosqlite - DEBUG - core.py:62 - executing functools.partial(<built-in method cursor of sqlite3.Connection object at 0x000002B4D67D0C70>)
2026-09-28 23:14:38,872 - aiosqlite - DEBUG - core.py:67 - operation functools.partial(<built-in method cursor of sqlite3.Connection object at 0x000002B4D67D0C70>) completed
2026-09-28 23:14:38,872 - sqlalchemy.engine.Engine - INFO - base.py:1822 - SELECT article.id, article.title, article.content_md, article.summary, article.tags, article.cover, article.status, article.source, article.ai_model, article.origin_url, article.ext, article.created_at, article.updated_at 
FROM article ORDER BY article.id ASC
 LIMIT ? OFFSET ?
2026-09-28 23:14:38,873 - sqlalchemy.engine.Engine - INFO - base.py:1822 - [generated in 0.00050s] (20, 0)
2026-09-28 23:14:38,873 - aiosqlite - DEBUG - core.py:62 - executing functools.partial(<built-in method execute of sqlite3.Cursor object at 0x000002B4D680C8C0>, 'SELECT article.id, article.title, article.content_md, article.summary, article.tags, article.cover, article.status, article.source, article.ai_model, article.origin_url, article.ext, article.created_at, article.updated_at \nFROM article ORDER BY article.id ASC\n LIMIT ? OFFSET ?', (20, 0))
2026-09-28 23:14:38,873 - aiosqlite - DEBUG - core.py:67 - operation functools.partial(<built-in method execute of sqlite3.Cursor object at 0x000002B4D680C8C0>, 'SELECT article.id, article.title, article.content_md, article.summary, article.tags, article.cover, article.status, article.source, article.ai_model, article.origin_url, article.ext, article.created_at, article.updated_at \nFROM article ORDER BY article.id ASC\n LIMIT ? OFFSET ?', (20, 0)) completed
2026-09-28 23:14:38,873 - aiosqlite - DEBUG - core.py:62 - executing functools.partial(<built-in method fetchall of sqlite3.Cursor object at 0x000002B4D680C8C0>)
2026-09-28 23:14:38,873 - aiosqlite - DEBUG - core.py:67 - operation functools.partial(<built-in method fetchall of sqlite3.Cursor object at 0x000002B4D680C8C0>) completed
2026-09-28 23:14:38,873 - aiosqlite - DEBUG - core.py:62 - executing functools.partial(<built-in method close of sqlite3.Cursor object at 0x000002B4D680C8C0>)
2026-09-28 23:14:38,873 - aiosqlite - DEBUG - core.py:67 - operation functools.partial(<built-in method close of sqlite3.Cursor object at 0x000002B4D680C8C0>) completed
2026-09-28 23:14:38,874 - sqlalchemy.engine.Engine - INFO - base.py:2682 - ROLLBACK
2026-09-28 23:14:38,874 - aiosqlite - DEBUG - core.py:62 - executing functools.partial(<built-in method rollback of sqlite3.Connection object at 0x000002B4D67D0C70>)
2026-09-28 23:14:38,874 - aiosqlite - DEBUG - core.py:67 - operation functools.partial(<built-in method rollback of sqlite3.Connection object at 0x000002B4D67D0C70>) completed
2026-09-28 23:14:38,874 - aiosqlite - DEBUG - core.py:62 - executing functools.partial(<built-in method rollback of sqlite3.Connection object at 0x000002B4D67D0C70>)
2026-09-28 23:14:38,874 - aiosqlite - DEBUG - core.py:67 - operation functools.partial(<built-in method rollback of sqlite3.Connection object at 0x000002B4D67D0C70>) completed
2026-09-28 23:14:38,875 - httpx - INFO - _client.py:1025 - HTTP Request: GET http://testserver/api/v1/article "HTTP/1.1 200 OK"
2026-09-28 23:14:38,877 - sqlalchemy.engine.Engine - INFO - base.py:2679 - BEGIN (implicit)
2026-09-28 23:14:38,878 - aiosqlite - DEBUG - core.py:62 - executing functools.partial(<built-in method cursor of sqlite3.Connection object at 0x000002B4D67D0C70>)
2026-09-28 23:14:38,878 - sqlalchemy.engine.Engine - INFO - base.py:1822 - INSERT INTO article (title, content_md, summary, tags, cover, status, source, ai_model, origin_url, ext, created_at, updated_at) VALUES (?, ?, ?, ?, ?, ?, ?, ?, ?, ?, CURRENT_TIMESTAMP, CURRENT_TIMESTAMP) RETURNING id, created_at, updated_at
2026-09-28 23:14:38,878 - aiosqlite - DEBUG - core.py:67 - operation functools.partial(<built-in method cursor of sqlite3.Connection object at 0x000002B4D67D0C70>) completed
2026-09-28 23:14:38,878 - sqlalchemy.engine.Engine - INFO - base.py:1822 - [generated in 0.00053s] ('t', 'c', None, None, None, 'draft', 'human', None, None, '{}')
2026-09-28 23:14:38,878 - aiosqlite - DEBUG - core.py:62 - executing functools.partial(<built-in method execute of sqlite3.Cursor object at 0x000002B4D684C440>, 'INSERT INTO article (title, content_md, summary, tags, cover, status, source, ai_model, origin_url, ext, created_at, updated_at) VALUES (?, ?, ?, ?, ?, ?, ?, ?, ?, ?, CURRENT_TIMESTAMP, CURRENT_TIMESTAMP) RETURNING id, created_at, updated_at', ('t', 'c', None, None, None, 'draft', 'human', None, None, '{}'))
2026-09-28 23:14:38,879 - aiosqlite - DEBUG - core.py:67 - operation functools.partial(<built-in method execute of sqlite3.Cursor object at 0x000002B4D684C440>, 'INSERT INTO article (title, content_md, summary, tags, cover, status, source, ai_model, origin_url, ext, created_at, updated_at) VALUES (?, ?, ?, ?, ?, ?, ?, ?, ?, ?, CURRENT_TIMESTAMP, CURRENT_TIMESTAMP) RETURNING id, created_at, updated_at', ('t', 'c', None, None, None, 'draft', 'human', None, None, '{}')) completed
2026-09-28 23:14:38,879 - aiosqlite - DEBUG - core.py:62 - executing functools.partial(<built-in method fetchall of sqlite3.Cursor object at 0x000002B4D684C440>)
2026-09-28 23:14:38,879 - aiosqlite - DEBUG - core.py:67 - operation functools.partial(<built-in method fetchall of sqlite3.Cursor object at 0x000002B4D684C440>) completed
2026-09-28 23:14:38,880 - aiosqlite - DEBUG - core.py:62 - executing functools.partial(<built-in method close of sqlite3.Cursor object at 0x000002B4D684C440>)
2026-09-28 23:14:38,880 - aiosqlite - DEBUG - core.py:67 - operation functools.partial(<built-in method close of sqlite3.Cursor object at 0x000002B4D684C440>) completed
2026-09-28 23:14:38,880 - sqlalchemy.engine.Engine - INFO - base.py:2685 - COMMIT
2026-09-28 23:14:38,880 - aiosqlite - DEBUG - core.py:62 - executing functools.partial(<built-in method commit of sqlite3.Connection object at 0x000002B4D67D0C70>)
2026-09-28 23:14:38,882 - aiosqlite - DEBUG - core.py:67 - operation functools.partial(<built-in method commit of sqlite3.Connection object at 0x000002B4D67D0C70>) completed
2026-09-28 23:14:38,882 - aiosqlite - DEBUG - core.py:62 - executing functools.partial(<built-in method rollback of sqlite3.Connection object at 0x000002B4D67D0C70>)
2026-09-28 23:14:38,882 - aiosqlite - DEBUG - core.py:67 - operation functools.partial(<built-in method rollback of sqlite3.Connection object at 0x000002B4D67D0C70>) completed
2026-09-28 23:14:38,883 - sqlalchemy.engine.Engine - INFO - base.py:2679 - BEGIN (implicit)
2026-09-28 23:14:38,884 - aiosqlite - DEBUG - core.py:62 - executing functools.partial(<built-in method cursor of sqlite3.Connection object at 0x000002B4D67D0C70>)
2026-09-28 23:14:38,884 - aiosqlite - DEBUG - core.py:67 - operation functools.partial(<built-in method cursor of sqlite3.Connection object at 0x000002B4D67D0C70>) completed
2026-09-28 23:14:38,884 - sqlalchemy.engine.Engine - INFO - base.py:1822 - SELECT article.id, article.title, article.content_md, article.summary, article.tags, article.cover, article.status, article.source, article.ai_model, article.origin_url, article.ext, article.created_at, article.updated_at 
FROM article 
WHERE article.id = ?
2026-09-28 23:14:38,884 - sqlalchemy.engine.Engine - INFO - base.py:1822 - [generated in 0.00049s] (1,)
2026-09-28 23:14:38,884 - aiosqlite - DEBUG - core.py:62 - executing functools.partial(<built-in method execute of sqlite3.Cursor object at 0x000002B4D67CD540>, 'SELECT article.id, article.title, article.content_md, article.summary, article.tags, article.cover, article.status, article.source, article.ai_model, article.origin_url, article.ext, article.created_at, article.updated_at \nFROM article \nWHERE article.id = ?', (1,))
2026-09-28 23:14:38,885 - aiosqlite - DEBUG - core.py:67 - operation functools.partial(<built-in method execute of sqlite3.Cursor object at 0x000002B4D67CD540>, 'SELECT article.id, article.title, article.content_md, article.summary, article.tags, article.cover, article.status, article.source, article.ai_model, article.origin_url, article.ext, article.created_at, article.updated_at \nFROM article \nWHERE article.id = ?', (1,)) completed
2026-09-28 23:14:38,885 - aiosqlite - DEBUG - core.py:62 - executing functools.partial(<built-in method fetchall of sqlite3.Cursor object at 0x000002B4D67CD540>)
2026-09-28 23:14:38,885 - aiosqlite - DEBUG - core.py:67 - operation functools.partial(<built-in method fetchall of sqlite3.Cursor object at 0x000002B4D67CD540>) completed
2026-09-28 23:14:38,885 - aiosqlite - DEBUG - core.py:62 - executing functools.partial(<built-in method close of sqlite3.Cursor object at 0x000002B4D67CD540>)
2026-09-28 23:14:38,885 - aiosqlite - DEBUG - core.py:67 - operation functools.partial(<built-in method close of sqlite3.Cursor object at 0x000002B4D67CD540>) completed
2026-09-28 23:14:38,886 - sqlalchemy.engine.Engine - INFO - base.py:2682 - ROLLBACK
2026-09-28 23:14:38,886 - aiosqlite - DEBUG - core.py:62 - executing functools.partial(<built-in method rollback of sqlite3.Connection object at 0x000002B4D67D0C70>)
2026-09-28 23:14:38,886 - aiosqlite - DEBUG - core.py:67 - operation functools.partial(<built-in method rollback of sqlite3.Connection object at 0x000002B4D67D0C70>) completed
2026-09-28 23:14:38,886 - aiosqlite - DEBUG - core.py:62 - executing functools.partial(<built-in method rollback of sqlite3.Connection object at 0x000002B4D67D0C70>)
2026-09-28 23:14:38,887 - httpx - INFO - _client.py:1025 - HTTP Request: POST http://testserver/api/v1/article "HTTP/1.1 201 Created"
2026-09-28 23:14:38,887 - aiosqlite - DEBUG - core.py:67 - operation functools.partial(<built-in method rollback of sqlite3.Connection object at 0x000002B4D67D0C70>) completed
2026-09-28 23:14:38,888 - sqlalchemy.engine.Engine - INFO - base.py:2679 - BEGIN (implicit)
2026-09-28 23:14:38,889 - aiosqlite - DEBUG - core.py:62 - executing functools.partial(<built-in method cursor of sqlite3.Connection object at 0x000002B4D67D0C70>)
2026-09-28 23:14:38,889 - aiosqlite - DEBUG - core.py:67 - operation functools.partial(<built-in method cursor of sqlite3.Connection object at 0x000002B4D67D0C70>) completed
2026-09-28 23:14:38,889 - sqlalchemy.engine.Engine - INFO - base.py:1822 - SELECT article.id, article.title, article.content_md, article.summary, article.tags, article.cover, article.status, article.source, article.ai_model, article.origin_url, article.ext, article.created_at, article.updated_at 
FROM article 
WHERE article.id = ?
2026-09-28 23:14:38,889 - sqlalchemy.engine.Engine - INFO - base.py:1822 - [generated in 0.00046s] (1,)
2026-09-28 23:14:38,889 - aiosqlite - DEBUG - core.py:62 - executing functools.partial(<built-in method execute of sqlite3.Cursor object at 0x000002B4D684D740>, 'SELECT article.id, article.title, article.content_md, article.summary, article.tags, article.cover, article.status, article.source, article.ai_model, article.origin_url, article.ext, article.created_at, article.updated_at \nFROM article \nWHERE article.id = ?', (1,))
2026-09-28 23:14:38,890 - aiosqlite - DEBUG - core.py:67 - operation functools.partial(<built-in method execute of sqlite3.Cursor object at 0x000002B4D684D740>, 'SELECT article.id, article.title, article.content_md, article.summary, article.tags, article.cover, article.status, article.source, article.ai_model, article.origin_url, article.ext, article.created_at, article.updated_at \nFROM article \nWHERE article.id = ?', (1,)) completed
2026-09-28 23:14:38,890 - aiosqlite - DEBUG - core.py:62 - executing functools.partial(<built-in method fetchall of sqlite3.Cursor object at 0x000002B4D684D740>)
2026-09-28 23:14:38,890 - aiosqlite - DEBUG - core.py:67 - operation functools.partial(<built-in method fetchall of sqlite3.Cursor object at 0x000002B4D684D740>) completed
2026-09-28 23:14:38,890 - aiosqlite - DEBUG - core.py:62 - executing functools.partial(<built-in method close of sqlite3.Cursor object at 0x000002B4D684D740>)
2026-09-28 23:14:38,890 - aiosqlite - DEBUG - core.py:67 - operation functools.partial(<built-in method close of sqlite3.Cursor object at 0x000002B4D684D740>) completed
2026-09-28 23:14:38,890 - sqlalchemy.engine.Engine - INFO - base.py:2682 - ROLLBACK
2026-09-28 23:14:38,891 - aiosqlite - DEBUG - core.py:62 - executing functools.partial(<built-in method rollback of sqlite3.Connection object at 0x000002B4D67D0C70>)
2026-09-28 23:14:38,891 - aiosqlite - DEBUG - core.py:67 - operation functools.partial(<built-in method rollback of sqlite3.Connection object at 0x000002B4D67D0C70>) completed
2026-09-28 23:14:38,891 - aiosqlite - DEBUG - core.py:62 - executing functools.partial(<built-in method rollback of sqlite3.Connection object at 0x000002B4D67D0C70>)
2026-09-28 23:14:38,891 - httpx - INFO - _client.py:1025 - HTTP Request: GET http://testserver/api/v1/article/1 "HTTP/1.1 200 OK"
2026-09-28 23:14:38,891 - aiosqlite - DEBUG - core.py:67 - operation functools.partial(<built-in method rollback of sqlite3.Connection object at 0x000002B4D67D0C70>) completed
2026-09-28 23:14:38,893 - sqlalchemy.engine.Engine - INFO - base.py:2679 - BEGIN (implicit)
2026-09-28 23:14:38,893 - aiosqlite - DEBUG - core.py:62 - executing functools.partial(<built-in method cursor of sqlite3.Connection object at 0x000002B4D67D0C70>)
2026-09-28 23:14:38,893 - aiosqlite - DEBUG - core.py:67 - operation functools.partial(<built-in method cursor of sqlite3.Connection object at 0x000002B4D67D0C70>) completed
2026-09-28 23:14:38,893 - sqlalchemy.engine.Engine - INFO - base.py:1822 - SELECT article.id, article.title, article.content_md, article.summary, article.tags, article.cover, article.status, article.source, article.ai_model, article.origin_url, article.ext, article.created_at, article.updated_at 
FROM article 
WHERE article.id = ?
2026-09-28 23:14:38,893 - sqlalchemy.engine.Engine - INFO - base.py:1822 - [cached since 0.004565s ago] (1,)
2026-09-28 23:14:38,894 - aiosqlite - DEBUG - core.py:62 - executing functools.partial(<built-in method execute of sqlite3.Cursor object at 0x000002B4D684E240>, 'SELECT article.id, article.title, article.content_md, article.summary, article.tags, article.cover, article.status, article.source, article.ai_model, article.origin_url, article.ext, article.created_at, article.updated_at \nFROM article \nWHERE article.id = ?', (1,))
2026-09-28 23:14:38,894 - aiosqlite - DEBUG - core.py:67 - operation functools.partial(<built-in method execute of sqlite3.Cursor object at 0x000002B4D684E240>, 'SELECT article.id, article.title, article.content_md, article.summary, article.tags, article.cover, article.status, article.source, article.ai_model, article.origin_url, article.ext, article.created_at, article.updated_at \nFROM article \nWHERE article.id = ?', (1,)) completed
2026-09-28 23:14:38,894 - aiosqlite - DEBUG - core.py:62 - executing functools.partial(<built-in method fetchall of sqlite3.Cursor object at 0x000002B4D684E240>)
2026-09-28 23:14:38,894 - aiosqlite - DEBUG - core.py:67 - operation functools.partial(<built-in method fetchall of sqlite3.Cursor object at 0x000002B4D684E240>) completed
2026-09-28 23:14:38,894 - aiosqlite - DEBUG - core.py:62 - executing functools.partial(<built-in method close of sqlite3.Cursor object at 0x000002B4D684E240>)
2026-09-28 23:14:38,894 - aiosqlite - DEBUG - core.py:67 - operation functools.partial(<built-in method close of sqlite3.Cursor object at 0x000002B4D684E240>) completed
2026-09-28 23:14:38,895 - aiosqlite - DEBUG - core.py:62 - executing functools.partial(<built-in method cursor of sqlite3.Connection object at 0x000002B4D67D0C70>)
2026-09-28 23:14:38,895 - aiosqlite - DEBUG - core.py:67 - operation functools.partial(<built-in method cursor of sqlite3.Connection object at 0x000002B4D67D0C70>) completed
2026-09-28 23:14:38,895 - sqlalchemy.engine.Engine - INFO - base.py:1822 - UPDATE article SET title=? WHERE article.id = ?
2026-09-28 23:14:38,896 - sqlalchemy.engine.Engine - INFO - base.py:1822 - [generated in 0.00065s] ('t2', 1)
2026-09-28 23:14:38,896 - aiosqlite - DEBUG - core.py:62 - executing functools.partial(<built-in method execute of sqlite3.Cursor object at 0x000002B4D684D240>, 'UPDATE article SET title=? WHERE article.id = ?', ('t2', 1))
2026-09-28 23:14:38,896 - aiosqlite - DEBUG - core.py:67 - operation functools.partial(<built-in method execute of sqlite3.Cursor object at 0x000002B4D684D240>, 'UPDATE article SET title=? WHERE article.id = ?', ('t2', 1)) completed
2026-09-28 23:14:38,896 - aiosqlite - DEBUG - core.py:62 - executing functools.partial(<built-in method close of sqlite3.Cursor object at 0x000002B4D684D240>)
2026-09-28 23:14:38,897 - aiosqlite - DEBUG - core.py:67 - operation functools.partial(<built-in method close of sqlite3.Cursor object at 0x000002B4D684D240>) completed
2026-09-28 23:14:38,897 - sqlalchemy.engine.Engine - INFO - base.py:2685 - COMMIT
2026-09-28 23:14:38,897 - aiosqlite - DEBUG - core.py:62 - executing functools.partial(<built-in method commit of sqlite3.Connection object at 0x000002B4D67D0C70>)
2026-09-28 23:14:38,901 - aiosqlite - DEBUG - core.py:67 - operation functools.partial(<built-in method commit of sqlite3.Connection object at 0x000002B4D67D0C70>) completed
2026-09-28 23:14:38,901 - aiosqlite - DEBUG - core.py:62 - executing functools.partial(<built-in method rollback of sqlite3.Connection object at 0x000002B4D67D0C70>)
2026-09-28 23:14:38,901 - aiosqlite - DEBUG - core.py:67 - operation functools.partial(<built-in method rollback of sqlite3.Connection object at 0x000002B4D67D0C70>) completed
2026-09-28 23:14:38,901 - sqlalchemy.engine.Engine - INFO - base.py:2679 - BEGIN (implicit)
2026-09-28 23:14:38,902 - aiosqlite - DEBUG - core.py:62 - executing functools.partial(<built-in method cursor of sqlite3.Connection object at 0x000002B4D67D0C70>)
2026-09-28 23:14:38,902 - aiosqlite - DEBUG - core.py:67 - operation functools.partial(<built-in method cursor of sqlite3.Connection object at 0x000002B4D67D0C70>) completed
2026-09-28 23:14:38,902 - sqlalchemy.engine.Engine - INFO - base.py:1822 - SELECT article.id, article.title, article.content_md, article.summary, article.tags, article.cover, article.status, article.source, article.ai_model, article.origin_url, article.ext, article.created_at, article.updated_at 
FROM article 
WHERE article.id = ?
2026-09-28 23:14:38,902 - sqlalchemy.engine.Engine - INFO - base.py:1822 - [cached since 0.01813s ago] (1,)
2026-09-28 23:14:38,902 - aiosqlite - DEBUG - core.py:62 - executing functools.partial(<built-in method execute of sqlite3.Cursor object at 0x000002B4D684DCC0>, 'SELECT article.id, article.title, article.content_md, article.summary, article.tags, article.cover, article.status, article.source, article.ai_model, article.origin_url, article.ext, article.created_at, article.updated_at \nFROM article \nWHERE article.id = ?', (1,))
2026-09-28 23:14:38,902 - aiosqlite - DEBUG - core.py:67 - operation functools.partial(<built-in method execute of sqlite3.Cursor object at 0x000002B4D684DCC0>, 'SELECT article.id, article.title, article.content_md, article.summary, article.tags, article.cover, article.status, article.source, article.ai_model, article.origin_url, article.ext, article.created_at, article.updated_at \nFROM article \nWHERE article.id = ?', (1,)) completed
2026-09-28 23:14:38,902 - aiosqlite - DEBUG - core.py:62 - executing functools.partial(<built-in method fetchall of sqlite3.Cursor object at 0x000002B4D684DCC0>)
2026-09-28 23:14:38,902 - aiosqlite - DEBUG - core.py:67 - operation functools.partial(<built-in method fetchall of sqlite3.Cursor object at 0x000002B4D684DCC0>) completed
2026-09-28 23:14:38,903 - aiosqlite - DEBUG - core.py:62 - executing functools.partial(<built-in method close of sqlite3.Cursor object at 0x000002B4D684DCC0>)
2026-09-28 23:14:38,903 - aiosqlite - DEBUG - core.py:67 - operation functools.partial(<built-in method close of sqlite3.Cursor object at 0x000002B4D684DCC0>) completed
2026-09-28 23:14:38,903 - sqlalchemy.engine.Engine - INFO - base.py:2682 - ROLLBACK
2026-09-28 23:14:38,903 - aiosqlite - DEBUG - core.py:62 - executing functools.partial(<built-in method rollback of sqlite3.Connection object at 0x000002B4D67D0C70>)
2026-09-28 23:14:38,904 - aiosqlite - DEBUG - core.py:67 - operation functools.partial(<built-in method rollback of sqlite3.Connection object at 0x000002B4D67D0C70>) completed
2026-09-28 23:14:38,904 - aiosqlite - DEBUG - core.py:62 - executing functools.partial(<built-in method rollback of sqlite3.Connection object at 0x000002B4D67D0C70>)
2026-09-28 23:14:38,904 - aiosqlite - DEBUG - core.py:67 - operation functools.partial(<built-in method rollback of sqlite3.Connection object at 0x000002B4D67D0C70>) completed
2026-09-28 23:14:38,904 - httpx - INFO - _client.py:1025 - HTTP Request: PUT http://testserver/api/v1/article/1 "HTTP/1.1 200 OK"
2026-09-28 23:14:38,906 - sqlalchemy.engine.Engine - INFO - base.py:2679 - BEGIN (implicit)
2026-09-28 23:14:38,906 - aiosqlite - DEBUG - core.py:62 - executing functools.partial(<built-in method cursor of sqlite3.Connection object at 0x000002B4D67D0C70>)
2026-09-28 23:14:38,906 - aiosqlite - DEBUG - core.py:67 - operation functools.partial(<built-in method cursor of sqlite3.Connection object at 0x000002B4D67D0C70>) completed
2026-09-28 23:14:38,906 - sqlalchemy.engine.Engine - INFO - base.py:1822 - SELECT article.id, article.title, article.content_md, article.summary, article.tags, article.cover, article.status, article.source, article.ai_model, article.origin_url, article.ext, article.created_at, article.updated_at 
FROM article 
WHERE article.id = ?
2026-09-28 23:14:38,906 - sqlalchemy.engine.Engine - INFO - base.py:1822 - [cached since 0.01747s ago] (1,)
2026-09-28 23:14:38,906 - aiosqlite - DEBUG - core.py:62 - executing functools.partial(<built-in method execute of sqlite3.Cursor object at 0x000002B4D684DE40>, 'SELECT article.id, article.title, article.content_md, article.summary, article.tags, article.cover, article.status, article.source, article.ai_model, article.origin_url, article.ext, article.created_at, article.updated_at \nFROM article \nWHERE article.id = ?', (1,))
2026-09-28 23:14:38,907 - aiosqlite - DEBUG - core.py:67 - operation functools.partial(<built-in method execute of sqlite3.Cursor object at 0x000002B4D684DE40>, 'SELECT article.id, article.title, article.content_md, article.summary, article.tags, article.cover, article.status, article.source, article.ai_model, article.origin_url, article.ext, article.created_at, article.updated_at \nFROM article \nWHERE article.id = ?', (1,)) completed
2026-09-28 23:14:38,907 - aiosqlite - DEBUG - core.py:62 - executing functools.partial(<built-in method fetchall of sqlite3.Cursor object at 0x000002B4D684DE40>)
2026-09-28 23:14:38,907 - aiosqlite - DEBUG - core.py:67 - operation functools.partial(<built-in method fetchall of sqlite3.Cursor object at 0x000002B4D684DE40>) completed
2026-09-28 23:14:38,907 - aiosqlite - DEBUG - core.py:62 - executing functools.partial(<built-in method close of sqlite3.Cursor object at 0x000002B4D684DE40>)
2026-09-28 23:14:38,907 - aiosqlite - DEBUG - core.py:67 - operation functools.partial(<built-in method close of sqlite3.Cursor object at 0x000002B4D684DE40>) completed
2026-09-28 23:14:38,908 - aiosqlite - DEBUG - core.py:62 - executing functools.partial(<built-in method cursor of sqlite3.Connection object at 0x000002B4D67D0C70>)
2026-09-28 23:14:38,908 - aiosqlite - DEBUG - core.py:67 - operation functools.partial(<built-in method cursor of sqlite3.Connection object at 0x000002B4D67D0C70>) completed
2026-09-28 23:14:38,908 - sqlalchemy.engine.Engine - INFO - base.py:1822 - UPDATE article SET status=? WHERE article.id = ?
2026-09-28 23:14:38,908 - sqlalchemy.engine.Engine - INFO - base.py:1822 - [generated in 0.00035s] ('published', 1)
2026-09-28 23:14:38,908 - aiosqlite - DEBUG - core.py:62 - executing functools.partial(<built-in method execute of sqlite3.Cursor object at 0x000002B4D684DFC0>, 'UPDATE article SET status=? WHERE article.id = ?', ('published', 1))
2026-09-28 23:14:38,908 - aiosqlite - DEBUG - core.py:67 - operation functools.partial(<built-in method execute of sqlite3.Cursor object at 0x000002B4D684DFC0>, 'UPDATE article SET status=? WHERE article.id = ?', ('published', 1)) completed
2026-09-28 23:14:38,909 - aiosqlite - DEBUG - core.py:62 - executing functools.partial(<built-in method close of sqlite3.Cursor object at 0x000002B4D684DFC0>)
2026-09-28 23:14:38,909 - sqlalchemy.engine.Engine - INFO - base.py:2685 - COMMIT
2026-09-28 23:14:38,909 - aiosqlite - DEBUG - core.py:67 - operation functools.partial(<built-in method close of sqlite3.Cursor object at 0x000002B4D684DFC0>) completed
2026-09-28 23:14:38,909 - aiosqlite - DEBUG - core.py:62 - executing functools.partial(<built-in method commit of sqlite3.Connection object at 0x000002B4D67D0C70>)
2026-09-28 23:14:38,911 - aiosqlite - DEBUG - core.py:67 - operation functools.partial(<built-in method commit of sqlite3.Connection object at 0x000002B4D67D0C70>) completed
2026-09-28 23:14:38,911 - aiosqlite - DEBUG - core.py:62 - executing functools.partial(<built-in method rollback of sqlite3.Connection object at 0x000002B4D67D0C70>)
2026-09-28 23:14:38,911 - aiosqlite - DEBUG - core.py:67 - operation functools.partial(<built-in method rollback of sqlite3.Connection object at 0x000002B4D67D0C70>) completed
2026-09-28 23:14:38,911 - sqlalchemy.engine.Engine - INFO - base.py:2679 - BEGIN (implicit)
2026-09-28 23:14:38,912 - aiosqlite - DEBUG - core.py:62 - executing functools.partial(<built-in method cursor of sqlite3.Connection object at 0x000002B4D67D0C70>)
2026-09-28 23:14:38,912 - aiosqlite - DEBUG - core.py:67 - operation functools.partial(<built-in method cursor of sqlite3.Connection object at 0x000002B4D67D0C70>) completed
2026-09-28 23:14:38,912 - sqlalchemy.engine.Engine - INFO - base.py:1822 - SELECT article.id, article.title, article.content_md, article.summary, article.tags, article.cover, article.status, article.source, article.ai_model, article.origin_url, article.ext, article.created_at, article.updated_at 
FROM article 
WHERE article.id = ?
2026-09-28 23:14:38,912 - sqlalchemy.engine.Engine - INFO - base.py:1822 - [cached since 0.02812s ago] (1,)
2026-09-28 23:14:38,912 - aiosqlite - DEBUG - core.py:62 - executing functools.partial(<built-in method execute of sqlite3.Cursor object at 0x000002B4D684C740>, 'SELECT article.id, article.title, article.content_md, article.summary, article.tags, article.cover, article.status, article.source, article.ai_model, article.origin_url, article.ext, article.created_at, article.updated_at \nFROM article \nWHERE article.id = ?', (1,))
2026-09-28 23:14:38,912 - aiosqlite - DEBUG - core.py:67 - operation functools.partial(<built-in method execute of sqlite3.Cursor object at 0x000002B4D684C740>, 'SELECT article.id, article.title, article.content_md, article.summary, article.tags, article.cover, article.status, article.source, article.ai_model, article.origin_url, article.ext, article.created_at, article.updated_at \nFROM article \nWHERE article.id = ?', (1,)) completed
2026-09-28 23:14:38,912 - aiosqlite - DEBUG - core.py:62 - executing functools.partial(<built-in method fetchall of sqlite3.Cursor object at 0x000002B4D684C740>)
2026-09-28 23:14:38,913 - aiosqlite - DEBUG - core.py:67 - operation functools.partial(<built-in method fetchall of sqlite3.Cursor object at 0x000002B4D684C740>) completed
2026-09-28 23:14:38,913 - aiosqlite - DEBUG - core.py:62 - executing functools.partial(<built-in method close of sqlite3.Cursor object at 0x000002B4D684C740>)
2026-09-28 23:14:38,913 - aiosqlite - DEBUG - core.py:67 - operation functools.partial(<built-in method close of sqlite3.Cursor object at 0x000002B4D684C740>) completed
2026-09-28 23:14:38,913 - sqlalchemy.engine.Engine - INFO - base.py:2682 - ROLLBACK
2026-09-28 23:14:38,913 - aiosqlite - DEBUG - core.py:62 - executing functools.partial(<built-in method rollback of sqlite3.Connection object at 0x000002B4D67D0C70>)
2026-09-28 23:14:38,914 - aiosqlite - DEBUG - core.py:67 - operation functools.partial(<built-in method rollback of sqlite3.Connection object at 0x000002B4D67D0C70>) completed
2026-09-28 23:14:38,914 - aiosqlite - DEBUG - core.py:62 - executing functools.partial(<built-in method rollback of sqlite3.Connection object at 0x000002B4D67D0C70>)
2026-09-28 23:14:38,914 - httpx - INFO - _client.py:1025 - HTTP Request: PATCH http://testserver/api/v1/article/1/status "HTTP/1.1 200 OK"
2026-09-28 23:14:38,914 - aiosqlite - DEBUG - core.py:67 - operation functools.partial(<built-in method rollback of sqlite3.Connection object at 0x000002B4D67D0C70>) completed
2026-09-28 23:14:38,916 - sqlalchemy.engine.Engine - INFO - base.py:2679 - BEGIN (implicit)
2026-09-28 23:14:38,916 - aiosqlite - DEBUG - core.py:62 - executing functools.partial(<built-in method cursor of sqlite3.Connection object at 0x000002B4D67D0C70>)
2026-09-28 23:14:38,916 - sqlalchemy.engine.Engine - INFO - base.py:1822 - SELECT article.id, article.title, article.content_md, article.summary, article.tags, article.cover, article.status, article.source, article.ai_model, article.origin_url, article.ext, article.created_at, article.updated_at 
FROM article 
WHERE article.id = ?
2026-09-28 23:14:38,916 - aiosqlite - DEBUG - core.py:67 - operation functools.partial(<built-in method cursor of sqlite3.Connection object at 0x000002B4D67D0C70>) completed
2026-09-28 23:14:38,916 - sqlalchemy.engine.Engine - INFO - base.py:1822 - [cached since 0.0275s ago] (1,)
2026-09-28 23:14:38,917 - aiosqlite - DEBUG - core.py:62 - executing functools.partial(<built-in method execute of sqlite3.Cursor object at 0x000002B4D684D240>, 'SELECT article.id, article.title, article.content_md, article.summary, article.tags, article.cover, article.status, article.source, article.ai_model, article.origin_url, article.ext, article.created_at, article.updated_at \nFROM article \nWHERE article.id = ?', (1,))
2026-09-28 23:14:38,917 - aiosqlite - DEBUG - core.py:67 - operation functools.partial(<built-in method execute of sqlite3.Cursor object at 0x000002B4D684D240>, 'SELECT article.id, article.title, article.content_md, article.summary, article.tags, article.cover, article.status, article.source, article.ai_model, article.origin_url, article.ext, article.created_at, article.updated_at \nFROM article \nWHERE article.id = ?', (1,)) completed
2026-09-28 23:14:38,917 - aiosqlite - DEBUG - core.py:62 - executing functools.partial(<built-in method fetchall of sqlite3.Cursor object at 0x000002B4D684D240>)
2026-09-28 23:14:38,917 - aiosqlite - DEBUG - core.py:67 - operation functools.partial(<built-in method fetchall of sqlite3.Cursor object at 0x000002B4D684D240>) completed
2026-09-28 23:14:38,917 - aiosqlite - DEBUG - core.py:62 - executing functools.partial(<built-in method close of sqlite3.Cursor object at 0x000002B4D684D240>)
2026-09-28 23:14:38,917 - aiosqlite - DEBUG - core.py:67 - operation functools.partial(<built-in method close of sqlite3.Cursor object at 0x000002B4D684D240>) completed
2026-09-28 23:14:38,918 - aiosqlite - DEBUG - core.py:62 - executing functools.partial(<built-in method cursor of sqlite3.Connection object at 0x000002B4D67D0C70>)
2026-09-28 23:14:38,918 - aiosqlite - DEBUG - core.py:67 - operation functools.partial(<built-in method cursor of sqlite3.Connection object at 0x000002B4D67D0C70>) completed
2026-09-28 23:14:38,918 - sqlalchemy.engine.Engine - INFO - base.py:1822 - DELETE FROM article WHERE article.id = ?
2026-09-28 23:14:38,918 - sqlalchemy.engine.Engine - INFO - base.py:1822 - [generated in 0.00047s] (1,)
2026-09-28 23:14:38,919 - aiosqlite - DEBUG - core.py:62 - executing functools.partial(<built-in method execute of sqlite3.Cursor object at 0x000002B4D684D840>, 'DELETE FROM article WHERE article.id = ?', (1,))
2026-09-28 23:14:38,919 - aiosqlite - DEBUG - core.py:67 - operation functools.partial(<built-in method execute of sqlite3.Cursor object at 0x000002B4D684D840>, 'DELETE FROM article WHERE article.id = ?', (1,)) completed
2026-09-28 23:14:38,919 - aiosqlite - DEBUG - core.py:62 - executing functools.partial(<built-in method close of sqlite3.Cursor object at 0x000002B4D684D840>)
2026-09-28 23:14:38,919 - aiosqlite - DEBUG - core.py:67 - operation functools.partial(<built-in method close of sqlite3.Cursor object at 0x000002B4D684D840>) completed
2026-09-28 23:14:38,920 - sqlalchemy.engine.Engine - INFO - base.py:2685 - COMMIT
2026-09-28 23:14:38,920 - aiosqlite - DEBUG - core.py:62 - executing functools.partial(<built-in method commit of sqlite3.Connection object at 0x000002B4D67D0C70>)
2026-09-28 23:14:38,921 - aiosqlite - DEBUG - core.py:67 - operation functools.partial(<built-in method commit of sqlite3.Connection object at 0x000002B4D67D0C70>) completed
2026-09-28 23:14:38,922 - aiosqlite - DEBUG - core.py:62 - executing functools.partial(<built-in method rollback of sqlite3.Connection object at 0x000002B4D67D0C70>)
2026-09-28 23:14:38,922 - aiosqlite - DEBUG - core.py:67 - operation functools.partial(<built-in method rollback of sqlite3.Connection object at 0x000002B4D67D0C70>) completed
2026-09-28 23:14:38,922 - httpx - INFO - _client.py:1025 - HTTP Request: DELETE http://testserver/api/v1/article/1 "HTTP/1.1 200 OK"
2026-09-28 23:14:38,924 - sqlalchemy.engine.Engine - INFO - base.py:2679 - BEGIN (implicit)
2026-09-28 23:14:38,924 - aiosqlite - DEBUG - core.py:62 - executing functools.partial(<built-in method cursor of sqlite3.Connection object at 0x000002B4D67D0C70>)
2026-09-28 23:14:38,924 - sqlalchemy.engine.Engine - INFO - base.py:1822 - SELECT article.id, article.title, article.content_md, article.summary, article.tags, article.cover, article.status, article.source, article.ai_model, article.origin_url, article.ext, article.created_at, article.updated_at 
FROM article 
WHERE article.id = ?
2026-09-28 23:14:38,924 - aiosqlite - DEBUG - core.py:67 - operation functools.partial(<built-in method cursor of sqlite3.Connection object at 0x000002B4D67D0C70>) completed
2026-09-28 23:14:38,924 - sqlalchemy.engine.Engine - INFO - base.py:1822 - [cached since 0.03551s ago] (1,)
2026-09-28 23:14:38,924 - aiosqlite - DEBUG - core.py:62 - executing functools.partial(<built-in method execute of sqlite3.Cursor object at 0x000002B4D684E5C0>, 'SELECT article.id, article.title, article.content_md, article.summary, article.tags, article.cover, article.status, article.source, article.ai_model, article.origin_url, article.ext, article.created_at, article.updated_at \nFROM article \nWHERE article.id = ?', (1,))
2026-09-28 23:14:38,925 - aiosqlite - DEBUG - core.py:67 - operation functools.partial(<built-in method execute of sqlite3.Cursor object at 0x000002B4D684E5C0>, 'SELECT article.id, article.title, article.content_md, article.summary, article.tags, article.cover, article.status, article.source, article.ai_model, article.origin_url, article.ext, article.created_at, article.updated_at \nFROM article \nWHERE article.id = ?', (1,)) completed
2026-09-28 23:14:38,925 - aiosqlite - DEBUG - core.py:62 - executing functools.partial(<built-in method fetchall of sqlite3.Cursor object at 0x000002B4D684E5C0>)
2026-09-28 23:14:38,925 - aiosqlite - DEBUG - core.py:67 - operation functools.partial(<built-in method fetchall of sqlite3.Cursor object at 0x000002B4D684E5C0>) completed
2026-09-28 23:14:38,925 - aiosqlite - DEBUG - core.py:62 - executing functools.partial(<built-in method close of sqlite3.Cursor object at 0x000002B4D684E5C0>)
2026-09-28 23:14:38,925 - aiosqlite - DEBUG - core.py:67 - operation functools.partial(<built-in method close of sqlite3.Cursor object at 0x000002B4D684E5C0>) completed
2026-09-28 23:14:38,925 - sqlalchemy.engine.Engine - INFO - base.py:2682 - ROLLBACK
2026-09-28 23:14:38,925 - aiosqlite - DEBUG - core.py:62 - executing functools.partial(<built-in method rollback of sqlite3.Connection object at 0x000002B4D67D0C70>)
2026-09-28 23:14:38,925 - aiosqlite - DEBUG - core.py:67 - operation functools.partial(<built-in method rollback of sqlite3.Connection object at 0x000002B4D67D0C70>) completed
2026-09-28 23:14:38,926 - aiosqlite - DEBUG - core.py:62 - executing functools.partial(<built-in method rollback of sqlite3.Connection object at 0x000002B4D67D0C70>)
2026-09-28 23:14:38,926 - aiosqlite - DEBUG - core.py:67 - operation functools.partial(<built-in method rollback of sqlite3.Connection object at 0x000002B4D67D0C70>) completed
2026-09-28 23:14:38,927 - httpx - INFO - _client.py:1025 - HTTP Request: GET http://testserver/api/v1/article/1 "HTTP/1.1 404 Not Found"
2026-09-28 23:14:38,927 - app.factory - INFO - factory.py:39 - 正在关闭应用资源...
2026-09-28 23:14:39,870 - core.queue - INFO - queue.py:67 - 内存队列已停止
2026-09-28 23:14:39,870 - core.cache - INFO - cache.py:281 - 缓存系统已关闭
2026-09-28 23:14:39,871 - aiosqlite - DEBUG - core.py:62 - executing functools.partial(<built-in method close of sqlite3.Connection object at 0x000002B4D67D0C70>)
2026-09-28 23:14:39,871 - aiosqlite - DEBUG - core.py:67 - operation functools.partial(<built-in method close of sqlite3.Connection object at 0x000002B4D67D0C70>) completed
2026-09-28 23:14:39,872 - aiosqlite - DEBUG - core.py:62 - executing <function Connection.stop.<locals>.close_and_stop at 0x000002B4D682FF60>
2026-09-28 23:14:39,872 - aiosqlite - DEBUG - core.py:67 - operation <function Connection.stop.<locals>.close_and_stop at 0x000002B4D682FF60> completed
2026-09-28 23:14:39,873 - core.database - INFO - database.py:137 - 异步数据库连接池已关闭
2026-09-28 23:14:39,873 - app.factory - INFO - factory.py:44 - 应用已安全关闭
2026-09-28 23:15:08,665 - aiosqlite - DEBUG - core.py:62 - executing <function connect.<locals>.connector at 0x00000178FA8EB600>
2026-09-28 23:15:08,666 - aiosqlite - DEBUG - core.py:67 - operation <function connect.<locals>.connector at 0x00000178FA8EB600> completed
2026-09-28 23:15:08,667 - aiosqlite - DEBUG - core.py:62 - executing functools.partial(<built-in method create_function of sqlite3.Connection object at 0x00000178FA8F0C70>, 'regexp', 2, <function SQLiteDialect_pysqlite.on_connect.<locals>.regexp at 0x00000178FA8EA7A0>, deterministic=True)
2026-09-28 23:15:08,667 - aiosqlite - DEBUG - core.py:67 - operation functools.partial(<built-in method create_function of sqlite3.Connection object at 0x00000178FA8F0C70>, 'regexp', 2, <function SQLiteDialect_pysqlite.on_connect.<locals>.regexp at 0x00000178FA8EA7A0>, deterministic=True) completed
2026-09-28 23:15:08,667 - aiosqlite - DEBUG - core.py:62 - executing functools.partial(<built-in method create_function of sqlite3.Connection object at 0x00000178FA8F0C70>, 'floor', 1, <built-in function floor>, deterministic=True)
2026-09-28 23:15:08,667 - aiosqlite - DEBUG - core.py:67 - operation functools.partial(<built-in method create_function of sqlite3.Connection object at 0x00000178FA8F0C70>, 'floor', 1, <built-in function floor>, deterministic=True) completed
2026-09-28 23:15:08,667 - aiosqlite - DEBUG - core.py:62 - executing functools.partial(<built-in method cursor of sqlite3.Connection object at 0x00000178FA8F0C70>)
2026-09-28 23:15:08,667 - aiosqlite - DEBUG - core.py:67 - operation functools.partial(<built-in method cursor of sqlite3.Connection object at 0x00000178FA8F0C70>) completed
2026-09-28 23:15:08,667 - aiosqlite - DEBUG - core.py:62 - executing functools.partial(<built-in method execute of sqlite3.Cursor object at 0x00000178FA8ECEC0>, 'PRAGMA read_uncommitted', [])
2026-09-28 23:15:08,667 - aiosqlite - DEBUG - core.py:67 - operation functools.partial(<built-in method execute of sqlite3.Cursor object at 0x00000178FA8ECEC0>, 'PRAGMA read_uncommitted', []) completed
2026-09-28 23:15:08,668 - aiosqlite - DEBUG - core.py:62 - executing functools.partial(<built-in method fetchall of sqlite3.Cursor object at 0x00000178FA8ECEC0>)
2026-09-28 23:15:08,668 - aiosqlite - DEBUG - core.py:67 - operation functools.partial(<built-in method fetchall of sqlite3.Cursor object at 0x00000178FA8ECEC0>) completed
2026-09-28 23:15:08,668 - aiosqlite - DEBUG - core.py:62 - executing functools.partial(<built-in method close of sqlite3.Cursor object at 0x00000178FA8ECEC0>)
2026-09-28 23:15:08,668 - aiosqlite - DEBUG - core.py:67 - operation functools.partial(<built-in method close of sqlite3.Cursor object at 0x00000178FA8ECEC0>) completed
2026-09-28 23:15:08,668 - aiosqlite - DEBUG - core.py:62 - executing functools.partial(<built-in method rollback of sqlite3.Connection object at 0x00000178FA8F0C70>)
2026-09-28 23:15:08,668 - aiosqlite - DEBUG - core.py:67 - operation functools.partial(<built-in method rollback of sqlite3.Connection object at 0x00000178FA8F0C70>) completed
2026-09-28 23:15:08,668 - aiosqlite - DEBUG - core.py:62 - executing functools.partial(<built-in method cursor of sqlite3.Connection object at 0x00000178FA8F0C70>)
2026-09-28 23:15:08,668 - aiosqlite - DEBUG - core.py:67 - operation functools.partial(<built-in method cursor of sqlite3.Connection object at 0x00000178FA8F0C70>) completed
2026-09-28 23:15:08,669 - sqlalchemy.engine.Engine - INFO - base.py:2679 - BEGIN (implicit)
2026-09-28 23:15:08,669 - sqlalchemy.engine.Engine - INFO - base.py:1822 - SELECT 1
2026-09-28 23:15:08,669 - sqlalchemy.engine.Engine - INFO - base.py:1822 - [generated in 0.00050s] ()
2026-09-28 23:15:08,669 - aiosqlite - DEBUG - core.py:62 - executing functools.partial(<built-in method execute of sqlite3.Cursor object at 0x00000178FA8ED0C0>, 'SELECT 1', ())
2026-09-28 23:15:08,669 - aiosqlite - DEBUG - core.py:67 - operation functools.partial(<built-in method execute of sqlite3.Cursor object at 0x00000178FA8ED0C0>, 'SELECT 1', ()) completed
2026-09-28 23:15:08,669 - aiosqlite - DEBUG - core.py:62 - executing functools.partial(<built-in method fetchall of sqlite3.Cursor object at 0x00000178FA8ED0C0>)
2026-09-28 23:15:08,670 - aiosqlite - DEBUG - core.py:67 - operation functools.partial(<built-in method fetchall of sqlite3.Cursor object at 0x00000178FA8ED0C0>) completed
2026-09-28 23:15:08,670 - aiosqlite - DEBUG - core.py:62 - executing functools.partial(<built-in method close of sqlite3.Cursor object at 0x00000178FA8ED0C0>)
2026-09-28 23:15:08,670 - sqlalchemy.engine.Engine - INFO - base.py:2682 - ROLLBACK
2026-09-28 23:15:08,670 - aiosqlite - DEBUG - core.py:67 - operation functools.partial(<built-in method close of sqlite3.Cursor object at 0x00000178FA8ED0C0>) completed
2026-09-28 23:15:08,670 - aiosqlite - DEBUG - core.py:62 - executing functools.partial(<built-in method rollback of sqlite3.Connection object at 0x00000178FA8F0C70>)
2026-09-28 23:15:08,670 - core.database - INFO - database.py:119 - 异步数据库连接池创建成功: sqlite+aiosqlite:///./data/smoke_hub.db
2026-09-28 23:15:08,671 - aiosqlite - DEBUG - core.py:67 - operation functools.partial(<built-in method rollback of sqlite3.Connection object at 0x00000178FA8F0C70>) completed
2026-09-28 23:15:08,671 - sqlalchemy.engine.Engine - INFO - base.py:2679 - BEGIN (implicit)
2026-09-28 23:15:08,671 - aiosqlite - DEBUG - core.py:62 - executing functools.partial(<built-in method cursor of sqlite3.Connection object at 0x00000178FA8F0C70>)
2026-09-28 23:15:08,671 - sqlalchemy.engine.Engine - INFO - base.py:1822 - PRAGMA main.table_info("article")
2026-09-28 23:15:08,671 - aiosqlite - DEBUG - core.py:67 - operation functools.partial(<built-in method cursor of sqlite3.Connection object at 0x00000178FA8F0C70>) completed
2026-09-28 23:15:08,671 - sqlalchemy.engine.Engine - INFO - base.py:1822 - [raw sql] ()
2026-09-28 23:15:08,672 - aiosqlite - DEBUG - core.py:62 - executing functools.partial(<built-in method execute of sqlite3.Cursor object at 0x00000178FA8EDA40>, 'PRAGMA main.table_info("article")', ())
2026-09-28 23:15:08,672 - aiosqlite - DEBUG - core.py:67 - operation functools.partial(<built-in method execute of sqlite3.Cursor object at 0x00000178FA8EDA40>, 'PRAGMA main.table_info("article")', ()) completed
2026-09-28 23:15:08,672 - aiosqlite - DEBUG - core.py:62 - executing functools.partial(<built-in method fetchall of sqlite3.Cursor object at 0x00000178FA8EDA40>)
2026-09-28 23:15:08,672 - aiosqlite - DEBUG - core.py:67 - operation functools.partial(<built-in method fetchall of sqlite3.Cursor object at 0x00000178FA8EDA40>) completed
2026-09-28 23:15:08,672 - aiosqlite - DEBUG - core.py:62 - executing functools.partial(<built-in method close of sqlite3.Cursor object at 0x00000178FA8EDA40>)
2026-09-28 23:15:08,672 - aiosqlite - DEBUG - core.py:67 - operation functools.partial(<built-in method close of sqlite3.Cursor object at 0x00000178FA8EDA40>) completed
2026-09-28 23:15:08,672 - aiosqlite - DEBUG - core.py:62 - executing functools.partial(<built-in method cursor of sqlite3.Connection object at 0x00000178FA8F0C70>)
2026-09-28 23:15:08,672 - aiosqlite - DEBUG - core.py:67 - operation functools.partial(<built-in method cursor of sqlite3.Connection object at 0x00000178FA8F0C70>) completed
2026-09-28 23:15:08,672 - sqlalchemy.engine.Engine - INFO - base.py:1822 - PRAGMA main.table_info("publication")
2026-09-28 23:15:08,672 - sqlalchemy.engine.Engine - INFO - base.py:1822 - [raw sql] ()
2026-09-28 23:15:08,672 - aiosqlite - DEBUG - core.py:62 - executing functools.partial(<built-in method execute of sqlite3.Cursor object at 0x00000178FA8EDC40>, 'PRAGMA main.table_info("publication")', ())
2026-09-28 23:15:08,672 - aiosqlite - DEBUG - core.py:67 - operation functools.partial(<built-in method execute of sqlite3.Cursor object at 0x00000178FA8EDC40>, 'PRAGMA main.table_info("publication")', ()) completed
2026-09-28 23:15:08,672 - aiosqlite - DEBUG - core.py:62 - executing functools.partial(<built-in method fetchall of sqlite3.Cursor object at 0x00000178FA8EDC40>)
2026-09-28 23:15:08,672 - aiosqlite - DEBUG - core.py:67 - operation functools.partial(<built-in method fetchall of sqlite3.Cursor object at 0x00000178FA8EDC40>) completed
2026-09-28 23:15:08,673 - aiosqlite - DEBUG - core.py:62 - executing functools.partial(<built-in method close of sqlite3.Cursor object at 0x00000178FA8EDC40>)
2026-09-28 23:15:08,673 - aiosqlite - DEBUG - core.py:67 - operation functools.partial(<built-in method close of sqlite3.Cursor object at 0x00000178FA8EDC40>) completed
2026-09-28 23:15:08,673 - aiosqlite - DEBUG - core.py:62 - executing functools.partial(<built-in method cursor of sqlite3.Connection object at 0x00000178FA8F0C70>)
2026-09-28 23:15:08,673 - aiosqlite - DEBUG - core.py:67 - operation functools.partial(<built-in method cursor of sqlite3.Connection object at 0x00000178FA8F0C70>) completed
2026-09-28 23:15:08,673 - sqlalchemy.engine.Engine - INFO - base.py:1822 - PRAGMA main.table_info("account")
2026-09-28 23:15:08,673 - sqlalchemy.engine.Engine - INFO - base.py:1822 - [raw sql] ()
2026-09-28 23:15:08,673 - aiosqlite - DEBUG - core.py:62 - executing functools.partial(<built-in method execute of sqlite3.Cursor object at 0x00000178FA8EDFC0>, 'PRAGMA main.table_info("account")', ())
2026-09-28 23:15:08,673 - aiosqlite - DEBUG - core.py:67 - operation functools.partial(<built-in method execute of sqlite3.Cursor object at 0x00000178FA8EDFC0>, 'PRAGMA main.table_info("account")', ()) completed
2026-09-28 23:15:08,673 - aiosqlite - DEBUG - core.py:62 - executing functools.partial(<built-in method fetchall of sqlite3.Cursor object at 0x00000178FA8EDFC0>)
2026-09-28 23:15:08,674 - aiosqlite - DEBUG - core.py:67 - operation functools.partial(<built-in method fetchall of sqlite3.Cursor object at 0x00000178FA8EDFC0>) completed
2026-09-28 23:15:08,674 - aiosqlite - DEBUG - core.py:62 - executing functools.partial(<built-in method close of sqlite3.Cursor object at 0x00000178FA8EDFC0>)
2026-09-28 23:15:08,674 - aiosqlite - DEBUG - core.py:67 - operation functools.partial(<built-in method close of sqlite3.Cursor object at 0x00000178FA8EDFC0>) completed
2026-09-28 23:15:08,674 - aiosqlite - DEBUG - core.py:62 - executing functools.partial(<built-in method cursor of sqlite3.Connection object at 0x00000178FA8F0C70>)
2026-09-28 23:15:08,674 - sqlalchemy.engine.Engine - INFO - base.py:1822 - PRAGMA main.table_info("job")
2026-09-28 23:15:08,674 - aiosqlite - DEBUG - core.py:67 - operation functools.partial(<built-in method cursor of sqlite3.Connection object at 0x00000178FA8F0C70>) completed
2026-09-28 23:15:08,674 - sqlalchemy.engine.Engine - INFO - base.py:1822 - [raw sql] ()
2026-09-28 23:15:08,674 - aiosqlite - DEBUG - core.py:62 - executing functools.partial(<built-in method execute of sqlite3.Cursor object at 0x00000178FA8EE5C0>, 'PRAGMA main.table_info("job")', ())
2026-09-28 23:15:08,674 - aiosqlite - DEBUG - core.py:67 - operation functools.partial(<built-in method execute of sqlite3.Cursor object at 0x00000178FA8EE5C0>, 'PRAGMA main.table_info("job")', ()) completed
2026-09-28 23:15:08,675 - aiosqlite - DEBUG - core.py:62 - executing functools.partial(<built-in method fetchall of sqlite3.Cursor object at 0x00000178FA8EE5C0>)
2026-09-28 23:15:08,675 - aiosqlite - DEBUG - core.py:67 - operation functools.partial(<built-in method fetchall of sqlite3.Cursor object at 0x00000178FA8EE5C0>) completed
2026-09-28 23:15:08,675 - aiosqlite - DEBUG - core.py:62 - executing functools.partial(<built-in method close of sqlite3.Cursor object at 0x00000178FA8EE5C0>)
2026-09-28 23:15:08,675 - aiosqlite - DEBUG - core.py:67 - operation functools.partial(<built-in method close of sqlite3.Cursor object at 0x00000178FA8EE5C0>) completed
2026-09-28 23:15:08,675 - aiosqlite - DEBUG - core.py:62 - executing functools.partial(<built-in method cursor of sqlite3.Connection object at 0x00000178FA8F0C70>)
2026-09-28 23:15:08,675 - sqlalchemy.engine.Engine - INFO - base.py:1822 - PRAGMA main.table_info("task")
2026-09-28 23:15:08,675 - aiosqlite - DEBUG - core.py:67 - operation functools.partial(<built-in method cursor of sqlite3.Connection object at 0x00000178FA8F0C70>) completed
2026-09-28 23:15:08,675 - sqlalchemy.engine.Engine - INFO - base.py:1822 - [raw sql] ()
2026-09-28 23:15:08,675 - aiosqlite - DEBUG - core.py:62 - executing functools.partial(<built-in method execute of sqlite3.Cursor object at 0x00000178FA8EE940>, 'PRAGMA main.table_info("task")', ())
2026-09-28 23:15:08,676 - aiosqlite - DEBUG - core.py:67 - operation functools.partial(<built-in method execute of sqlite3.Cursor object at 0x00000178FA8EE940>, 'PRAGMA main.table_info("task")', ()) completed
2026-09-28 23:15:08,676 - aiosqlite - DEBUG - core.py:62 - executing functools.partial(<built-in method fetchall of sqlite3.Cursor object at 0x00000178FA8EE940>)
2026-09-28 23:15:08,676 - aiosqlite - DEBUG - core.py:67 - operation functools.partial(<built-in method fetchall of sqlite3.Cursor object at 0x00000178FA8EE940>) completed
2026-09-28 23:15:08,676 - aiosqlite - DEBUG - core.py:62 - executing functools.partial(<built-in method close of sqlite3.Cursor object at 0x00000178FA8EE940>)
2026-09-28 23:15:08,676 - aiosqlite - DEBUG - core.py:67 - operation functools.partial(<built-in method close of sqlite3.Cursor object at 0x00000178FA8EE940>) completed
2026-09-28 23:15:08,676 - sqlalchemy.engine.Engine - INFO - base.py:2685 - COMMIT
2026-09-28 23:15:08,676 - aiosqlite - DEBUG - core.py:62 - executing functools.partial(<built-in method commit of sqlite3.Connection object at 0x00000178FA8F0C70>)
2026-09-28 23:15:08,677 - aiosqlite - DEBUG - core.py:67 - operation functools.partial(<built-in method commit of sqlite3.Connection object at 0x00000178FA8F0C70>) completed
2026-09-28 23:15:08,677 - aiosqlite - DEBUG - core.py:62 - executing functools.partial(<built-in method rollback of sqlite3.Connection object at 0x00000178FA8F0C70>)
2026-09-28 23:15:08,677 - aiosqlite - DEBUG - core.py:67 - operation functools.partial(<built-in method rollback of sqlite3.Connection object at 0x00000178FA8F0C70>) completed
2026-09-28 23:15:08,677 - core.database - INFO - database.py:128 - 数据表已就绪（如不存在则已创建）
2026-09-28 23:15:08,677 - core.cache - INFO - cache.py:271 - 内存缓存已就绪 (max_size=10000)
2026-09-28 23:15:08,678 - core.queue - INFO - queue.py:49 - 内存队列已启动 (handlers=[])
2026-09-28 23:15:08,678 - app.factory - INFO - factory.py:33 - 应用启动成功 - 环境: Environment.DEVELOPMENT
2026-09-28 23:15:08,689 - sqlalchemy.engine.Engine - INFO - base.py:2679 - BEGIN (implicit)
2026-09-28 23:15:08,690 - aiosqlite - DEBUG - core.py:62 - executing functools.partial(<built-in method cursor of sqlite3.Connection object at 0x00000178FA8F0C70>)
2026-09-28 23:15:08,690 - sqlalchemy.engine.Engine - INFO - base.py:1822 - SELECT count(*) AS count_1 
FROM article
2026-09-28 23:15:08,690 - aiosqlite - DEBUG - core.py:67 - operation functools.partial(<built-in method cursor of sqlite3.Connection object at 0x00000178FA8F0C70>) completed
2026-09-28 23:15:08,690 - sqlalchemy.engine.Engine - INFO - base.py:1822 - [generated in 0.00048s] ()
2026-09-28 23:15:08,690 - aiosqlite - DEBUG - core.py:62 - executing functools.partial(<built-in method execute of sqlite3.Cursor object at 0x00000178FA92C8C0>, 'SELECT count(*) AS count_1 \nFROM article', ())
2026-09-28 23:15:08,690 - aiosqlite - DEBUG - core.py:67 - operation functools.partial(<built-in method execute of sqlite3.Cursor object at 0x00000178FA92C8C0>, 'SELECT count(*) AS count_1 \nFROM article', ()) completed
2026-09-28 23:15:08,691 - aiosqlite - DEBUG - core.py:62 - executing functools.partial(<built-in method fetchall of sqlite3.Cursor object at 0x00000178FA92C8C0>)
2026-09-28 23:15:08,691 - aiosqlite - DEBUG - core.py:67 - operation functools.partial(<built-in method fetchall of sqlite3.Cursor object at 0x00000178FA92C8C0>) completed
2026-09-28 23:15:08,691 - aiosqlite - DEBUG - core.py:62 - executing functools.partial(<built-in method close of sqlite3.Cursor object at 0x00000178FA92C8C0>)
2026-09-28 23:15:08,691 - aiosqlite - DEBUG - core.py:67 - operation functools.partial(<built-in method close of sqlite3.Cursor object at 0x00000178FA92C8C0>) completed
2026-09-28 23:15:08,695 - aiosqlite - DEBUG - core.py:62 - executing functools.partial(<built-in method cursor of sqlite3.Connection object at 0x00000178FA8F0C70>)
2026-09-28 23:15:08,695 - aiosqlite - DEBUG - core.py:67 - operation functools.partial(<built-in method cursor of sqlite3.Connection object at 0x00000178FA8F0C70>) completed
2026-09-28 23:15:08,696 - sqlalchemy.engine.Engine - INFO - base.py:1822 - SELECT article.id, article.title, article.content_md, article.summary, article.tags, article.cover, article.status, article.source, article.ai_model, article.origin_url, article.ext, article.created_at, article.updated_at 
FROM article ORDER BY article.id ASC
 LIMIT ? OFFSET ?
2026-09-28 23:15:08,696 - sqlalchemy.engine.Engine - INFO - base.py:1822 - [generated in 0.00094s] (20, 0)
2026-09-28 23:15:08,696 - aiosqlite - DEBUG - core.py:62 - executing functools.partial(<built-in method execute of sqlite3.Cursor object at 0x00000178FA92C8C0>, 'SELECT article.id, article.title, article.content_md, article.summary, article.tags, article.cover, article.status, article.source, article.ai_model, article.origin_url, article.ext, article.created_at, article.updated_at \nFROM article ORDER BY article.id ASC\n LIMIT ? OFFSET ?', (20, 0))
2026-09-28 23:15:08,697 - aiosqlite - DEBUG - core.py:67 - operation functools.partial(<built-in method execute of sqlite3.Cursor object at 0x00000178FA92C8C0>, 'SELECT article.id, article.title, article.content_md, article.summary, article.tags, article.cover, article.status, article.source, article.ai_model, article.origin_url, article.ext, article.created_at, article.updated_at \nFROM article ORDER BY article.id ASC\n LIMIT ? OFFSET ?', (20, 0)) completed
2026-09-28 23:15:08,697 - aiosqlite - DEBUG - core.py:62 - executing functools.partial(<built-in method fetchall of sqlite3.Cursor object at 0x00000178FA92C8C0>)
2026-09-28 23:15:08,697 - aiosqlite - DEBUG - core.py:67 - operation functools.partial(<built-in method fetchall of sqlite3.Cursor object at 0x00000178FA92C8C0>) completed
2026-09-28 23:15:08,697 - aiosqlite - DEBUG - core.py:62 - executing functools.partial(<built-in method close of sqlite3.Cursor object at 0x00000178FA92C8C0>)
2026-09-28 23:15:08,698 - sqlalchemy.engine.Engine - INFO - base.py:2682 - ROLLBACK
2026-09-28 23:15:08,698 - aiosqlite - DEBUG - core.py:67 - operation functools.partial(<built-in method close of sqlite3.Cursor object at 0x00000178FA92C8C0>) completed
2026-09-28 23:15:08,698 - aiosqlite - DEBUG - core.py:62 - executing functools.partial(<built-in method rollback of sqlite3.Connection object at 0x00000178FA8F0C70>)
2026-09-28 23:15:08,698 - aiosqlite - DEBUG - core.py:67 - operation functools.partial(<built-in method rollback of sqlite3.Connection object at 0x00000178FA8F0C70>) completed
2026-09-28 23:15:08,698 - aiosqlite - DEBUG - core.py:62 - executing functools.partial(<built-in method rollback of sqlite3.Connection object at 0x00000178FA8F0C70>)
2026-09-28 23:15:08,699 - httpx - INFO - _client.py:1025 - HTTP Request: GET http://testserver/api/v1/article "HTTP/1.1 200 OK"
2026-09-28 23:15:08,699 - aiosqlite - DEBUG - core.py:67 - operation functools.partial(<built-in method rollback of sqlite3.Connection object at 0x00000178FA8F0C70>) completed
2026-09-28 23:15:08,701 - sqlalchemy.engine.Engine - INFO - base.py:2679 - BEGIN (implicit)
2026-09-28 23:15:08,702 - aiosqlite - DEBUG - core.py:62 - executing functools.partial(<built-in method cursor of sqlite3.Connection object at 0x00000178FA8F0C70>)
2026-09-28 23:15:08,702 - aiosqlite - DEBUG - core.py:67 - operation functools.partial(<built-in method cursor of sqlite3.Connection object at 0x00000178FA8F0C70>) completed
2026-09-28 23:15:08,702 - sqlalchemy.engine.Engine - INFO - base.py:1822 - INSERT INTO article (title, content_md, summary, tags, cover, status, source, ai_model, origin_url, ext, created_at, updated_at) VALUES (?, ?, ?, ?, ?, ?, ?, ?, ?, ?, CURRENT_TIMESTAMP, CURRENT_TIMESTAMP) RETURNING id, created_at, updated_at
2026-09-28 23:15:08,702 - sqlalchemy.engine.Engine - INFO - base.py:1822 - [generated in 0.00057s] ('t', 'c', None, None, None, 'draft', 'human', None, None, '{}')
2026-09-28 23:15:08,703 - aiosqlite - DEBUG - core.py:62 - executing functools.partial(<built-in method execute of sqlite3.Cursor object at 0x00000178FA9C8440>, 'INSERT INTO article (title, content_md, summary, tags, cover, status, source, ai_model, origin_url, ext, created_at, updated_at) VALUES (?, ?, ?, ?, ?, ?, ?, ?, ?, ?, CURRENT_TIMESTAMP, CURRENT_TIMESTAMP) RETURNING id, created_at, updated_at', ('t', 'c', None, None, None, 'draft', 'human', None, None, '{}'))
2026-09-28 23:15:08,707 - aiosqlite - DEBUG - core.py:67 - operation functools.partial(<built-in method execute of sqlite3.Cursor object at 0x00000178FA9C8440>, 'INSERT INTO article (title, content_md, summary, tags, cover, status, source, ai_model, origin_url, ext, created_at, updated_at) VALUES (?, ?, ?, ?, ?, ?, ?, ?, ?, ?, CURRENT_TIMESTAMP, CURRENT_TIMESTAMP) RETURNING id, created_at, updated_at', ('t', 'c', None, None, None, 'draft', 'human', None, None, '{}')) completed
2026-09-28 23:15:08,707 - aiosqlite - DEBUG - core.py:62 - executing functools.partial(<built-in method fetchall of sqlite3.Cursor object at 0x00000178FA9C8440>)
2026-09-28 23:15:08,707 - aiosqlite - DEBUG - core.py:67 - operation functools.partial(<built-in method fetchall of sqlite3.Cursor object at 0x00000178FA9C8440>) completed
2026-09-28 23:15:08,708 - aiosqlite - DEBUG - core.py:62 - executing functools.partial(<built-in method close of sqlite3.Cursor object at 0x00000178FA9C8440>)
2026-09-28 23:15:08,708 - sqlalchemy.engine.Engine - INFO - base.py:2685 - COMMIT
2026-09-28 23:15:08,708 - aiosqlite - DEBUG - core.py:67 - operation functools.partial(<built-in method close of sqlite3.Cursor object at 0x00000178FA9C8440>) completed
2026-09-28 23:15:08,708 - aiosqlite - DEBUG - core.py:62 - executing functools.partial(<built-in method commit of sqlite3.Connection object at 0x00000178FA8F0C70>)
2026-09-28 23:15:08,710 - aiosqlite - DEBUG - core.py:67 - operation functools.partial(<built-in method commit of sqlite3.Connection object at 0x00000178FA8F0C70>) completed
2026-09-28 23:15:08,711 - aiosqlite - DEBUG - core.py:62 - executing functools.partial(<built-in method rollback of sqlite3.Connection object at 0x00000178FA8F0C70>)
2026-09-28 23:15:08,711 - aiosqlite - DEBUG - core.py:67 - operation functools.partial(<built-in method rollback of sqlite3.Connection object at 0x00000178FA8F0C70>) completed
2026-09-28 23:15:08,712 - sqlalchemy.engine.Engine - INFO - base.py:2679 - BEGIN (implicit)
2026-09-28 23:15:08,713 - aiosqlite - DEBUG - core.py:62 - executing functools.partial(<built-in method cursor of sqlite3.Connection object at 0x00000178FA8F0C70>)
2026-09-28 23:15:08,713 - aiosqlite - DEBUG - core.py:67 - operation functools.partial(<built-in method cursor of sqlite3.Connection object at 0x00000178FA8F0C70>) completed
2026-09-28 23:15:08,713 - sqlalchemy.engine.Engine - INFO - base.py:1822 - SELECT article.id, article.title, article.content_md, article.summary, article.tags, article.cover, article.status, article.source, article.ai_model, article.origin_url, article.ext, article.created_at, article.updated_at 
FROM article 
WHERE article.id = ?
2026-09-28 23:15:08,714 - sqlalchemy.engine.Engine - INFO - base.py:1822 - [generated in 0.00054s] (1,)
2026-09-28 23:15:08,714 - aiosqlite - DEBUG - core.py:62 - executing functools.partial(<built-in method execute of sqlite3.Cursor object at 0x00000178FA9C8FC0>, 'SELECT article.id, article.title, article.content_md, article.summary, article.tags, article.cover, article.status, article.source, article.ai_model, article.origin_url, article.ext, article.created_at, article.updated_at \nFROM article \nWHERE article.id = ?', (1,))
2026-09-28 23:15:08,714 - aiosqlite - DEBUG - core.py:67 - operation functools.partial(<built-in method execute of sqlite3.Cursor object at 0x00000178FA9C8FC0>, 'SELECT article.id, article.title, article.content_md, article.summary, article.tags, article.cover, article.status, article.source, article.ai_model, article.origin_url, article.ext, article.created_at, article.updated_at \nFROM article \nWHERE article.id = ?', (1,)) completed
2026-09-28 23:15:08,714 - aiosqlite - DEBUG - core.py:62 - executing functools.partial(<built-in method fetchall of sqlite3.Cursor object at 0x00000178FA9C8FC0>)
2026-09-28 23:15:08,714 - aiosqlite - DEBUG - core.py:67 - operation functools.partial(<built-in method fetchall of sqlite3.Cursor object at 0x00000178FA9C8FC0>) completed
2026-09-28 23:15:08,715 - aiosqlite - DEBUG - core.py:62 - executing functools.partial(<built-in method close of sqlite3.Cursor object at 0x00000178FA9C8FC0>)
2026-09-28 23:15:08,715 - sqlalchemy.engine.Engine - INFO - base.py:2682 - ROLLBACK
2026-09-28 23:15:08,715 - aiosqlite - DEBUG - core.py:67 - operation functools.partial(<built-in method close of sqlite3.Cursor object at 0x00000178FA9C8FC0>) completed
2026-09-28 23:15:08,715 - aiosqlite - DEBUG - core.py:62 - executing functools.partial(<built-in method rollback of sqlite3.Connection object at 0x00000178FA8F0C70>)
2026-09-28 23:15:08,715 - aiosqlite - DEBUG - core.py:67 - operation functools.partial(<built-in method rollback of sqlite3.Connection object at 0x00000178FA8F0C70>) completed
2026-09-28 23:15:08,716 - aiosqlite - DEBUG - core.py:62 - executing functools.partial(<built-in method rollback of sqlite3.Connection object at 0x00000178FA8F0C70>)
2026-09-28 23:15:08,716 - aiosqlite - DEBUG - core.py:67 - operation functools.partial(<built-in method rollback of sqlite3.Connection object at 0x00000178FA8F0C70>) completed
2026-09-28 23:15:08,716 - httpx - INFO - _client.py:1025 - HTTP Request: POST http://testserver/api/v1/article "HTTP/1.1 201 Created"
2026-09-28 23:15:08,718 - sqlalchemy.engine.Engine - INFO - base.py:2679 - BEGIN (implicit)
2026-09-28 23:15:08,719 - aiosqlite - DEBUG - core.py:62 - executing functools.partial(<built-in method cursor of sqlite3.Connection object at 0x00000178FA8F0C70>)
2026-09-28 23:15:08,719 - aiosqlite - DEBUG - core.py:67 - operation functools.partial(<built-in method cursor of sqlite3.Connection object at 0x00000178FA8F0C70>) completed
2026-09-28 23:15:08,719 - sqlalchemy.engine.Engine - INFO - base.py:1822 - SELECT article.id, article.title, article.content_md, article.summary, article.tags, article.cover, article.status, article.source, article.ai_model, article.origin_url, article.ext, article.created_at, article.updated_at 
FROM article 
WHERE article.id = ?
2026-09-28 23:15:08,719 - sqlalchemy.engine.Engine - INFO - base.py:1822 - [generated in 0.00049s] (1,)
2026-09-28 23:15:08,719 - aiosqlite - DEBUG - core.py:62 - executing functools.partial(<built-in method execute of sqlite3.Cursor object at 0x00000178FA9C9740>, 'SELECT article.id, article.title, article.content_md, article.summary, article.tags, article.cover, article.status, article.source, article.ai_model, article.origin_url, article.ext, article.created_at, article.updated_at \nFROM article \nWHERE article.id = ?', (1,))
2026-09-28 23:15:08,719 - aiosqlite - DEBUG - core.py:67 - operation functools.partial(<built-in method execute of sqlite3.Cursor object at 0x00000178FA9C9740>, 'SELECT article.id, article.title, article.content_md, article.summary, article.tags, article.cover, article.status, article.source, article.ai_model, article.origin_url, article.ext, article.created_at, article.updated_at \nFROM article \nWHERE article.id = ?', (1,)) completed
2026-09-28 23:15:08,719 - aiosqlite - DEBUG - core.py:62 - executing functools.partial(<built-in method fetchall of sqlite3.Cursor object at 0x00000178FA9C9740>)
2026-09-28 23:15:08,720 - aiosqlite - DEBUG - core.py:67 - operation functools.partial(<built-in method fetchall of sqlite3.Cursor object at 0x00000178FA9C9740>) completed
2026-09-28 23:15:08,720 - aiosqlite - DEBUG - core.py:62 - executing functools.partial(<built-in method close of sqlite3.Cursor object at 0x00000178FA9C9740>)
2026-09-28 23:15:08,720 - aiosqlite - DEBUG - core.py:67 - operation functools.partial(<built-in method close of sqlite3.Cursor object at 0x00000178FA9C9740>) completed
2026-09-28 23:15:08,720 - sqlalchemy.engine.Engine - INFO - base.py:2682 - ROLLBACK
2026-09-28 23:15:08,720 - aiosqlite - DEBUG - core.py:62 - executing functools.partial(<built-in method rollback of sqlite3.Connection object at 0x00000178FA8F0C70>)
2026-09-28 23:15:08,720 - aiosqlite - DEBUG - core.py:67 - operation functools.partial(<built-in method rollback of sqlite3.Connection object at 0x00000178FA8F0C70>) completed
2026-09-28 23:15:08,721 - aiosqlite - DEBUG - core.py:62 - executing functools.partial(<built-in method rollback of sqlite3.Connection object at 0x00000178FA8F0C70>)
2026-09-28 23:15:08,721 - aiosqlite - DEBUG - core.py:67 - operation functools.partial(<built-in method rollback of sqlite3.Connection object at 0x00000178FA8F0C70>) completed
2026-09-28 23:15:08,721 - httpx - INFO - _client.py:1025 - HTTP Request: GET http://testserver/api/v1/article/1 "HTTP/1.1 200 OK"
2026-09-28 23:15:08,723 - sqlalchemy.engine.Engine - INFO - base.py:2679 - BEGIN (implicit)
2026-09-28 23:15:08,723 - aiosqlite - DEBUG - core.py:62 - executing functools.partial(<built-in method cursor of sqlite3.Connection object at 0x00000178FA8F0C70>)
2026-09-28 23:15:08,723 - sqlalchemy.engine.Engine - INFO - base.py:1822 - SELECT article.id, article.title, article.content_md, article.summary, article.tags, article.cover, article.status, article.source, article.ai_model, article.origin_url, article.ext, article.created_at, article.updated_at 
FROM article 
WHERE article.id = ?
2026-09-28 23:15:08,723 - aiosqlite - DEBUG - core.py:67 - operation functools.partial(<built-in method cursor of sqlite3.Connection object at 0x00000178FA8F0C70>) completed
2026-09-28 23:15:08,723 - sqlalchemy.engine.Engine - INFO - base.py:1822 - [cached since 0.004621s ago] (1,)
2026-09-28 23:15:08,723 - aiosqlite - DEBUG - core.py:62 - executing functools.partial(<built-in method execute of sqlite3.Cursor object at 0x00000178FA9CA240>, 'SELECT article.id, article.title, article.content_md, article.summary, article.tags, article.cover, article.status, article.source, article.ai_model, article.origin_url, article.ext, article.created_at, article.updated_at \nFROM article \nWHERE article.id = ?', (1,))
2026-09-28 23:15:08,724 - aiosqlite - DEBUG - core.py:67 - operation functools.partial(<built-in method execute of sqlite3.Cursor object at 0x00000178FA9CA240>, 'SELECT article.id, article.title, article.content_md, article.summary, article.tags, article.cover, article.status, article.source, article.ai_model, article.origin_url, article.ext, article.created_at, article.updated_at \nFROM article \nWHERE article.id = ?', (1,)) completed
2026-09-28 23:15:08,724 - aiosqlite - DEBUG - core.py:62 - executing functools.partial(<built-in method fetchall of sqlite3.Cursor object at 0x00000178FA9CA240>)
2026-09-28 23:15:08,724 - aiosqlite - DEBUG - core.py:67 - operation functools.partial(<built-in method fetchall of sqlite3.Cursor object at 0x00000178FA9CA240>) completed
2026-09-28 23:15:08,724 - aiosqlite - DEBUG - core.py:62 - executing functools.partial(<built-in method close of sqlite3.Cursor object at 0x00000178FA9CA240>)
2026-09-28 23:15:08,724 - aiosqlite - DEBUG - core.py:67 - operation functools.partial(<built-in method close of sqlite3.Cursor object at 0x00000178FA9CA240>) completed
2026-09-28 23:15:08,725 - aiosqlite - DEBUG - core.py:62 - executing functools.partial(<built-in method cursor of sqlite3.Connection object at 0x00000178FA8F0C70>)
2026-09-28 23:15:08,725 - aiosqlite - DEBUG - core.py:67 - operation functools.partial(<built-in method cursor of sqlite3.Connection object at 0x00000178FA8F0C70>) completed
2026-09-28 23:15:08,725 - sqlalchemy.engine.Engine - INFO - base.py:1822 - UPDATE article SET title=? WHERE article.id = ?
2026-09-28 23:15:08,725 - sqlalchemy.engine.Engine - INFO - base.py:1822 - [generated in 0.00055s] ('t2', 1)
2026-09-28 23:15:08,725 - aiosqlite - DEBUG - core.py:62 - executing functools.partial(<built-in method execute of sqlite3.Cursor object at 0x00000178FA9C9E40>, 'UPDATE article SET title=? WHERE article.id = ?', ('t2', 1))
2026-09-28 23:15:08,726 - aiosqlite - DEBUG - core.py:67 - operation functools.partial(<built-in method execute of sqlite3.Cursor object at 0x00000178FA9C9E40>, 'UPDATE article SET title=? WHERE article.id = ?', ('t2', 1)) completed
2026-09-28 23:15:08,726 - aiosqlite - DEBUG - core.py:62 - executing functools.partial(<built-in method close of sqlite3.Cursor object at 0x00000178FA9C9E40>)
2026-09-28 23:15:08,726 - aiosqlite - DEBUG - core.py:67 - operation functools.partial(<built-in method close of sqlite3.Cursor object at 0x00000178FA9C9E40>) completed
2026-09-28 23:15:08,727 - sqlalchemy.engine.Engine - INFO - base.py:2685 - COMMIT
2026-09-28 23:15:08,727 - aiosqlite - DEBUG - core.py:62 - executing functools.partial(<built-in method commit of sqlite3.Connection object at 0x00000178FA8F0C70>)
2026-09-28 23:15:08,730 - aiosqlite - DEBUG - core.py:67 - operation functools.partial(<built-in method commit of sqlite3.Connection object at 0x00000178FA8F0C70>) completed
2026-09-28 23:15:08,730 - aiosqlite - DEBUG - core.py:62 - executing functools.partial(<built-in method rollback of sqlite3.Connection object at 0x00000178FA8F0C70>)
2026-09-28 23:15:08,730 - aiosqlite - DEBUG - core.py:67 - operation functools.partial(<built-in method rollback of sqlite3.Connection object at 0x00000178FA8F0C70>) completed
2026-09-28 23:15:08,731 - sqlalchemy.engine.Engine - INFO - base.py:2679 - BEGIN (implicit)
2026-09-28 23:15:08,732 - aiosqlite - DEBUG - core.py:62 - executing functools.partial(<built-in method cursor of sqlite3.Connection object at 0x00000178FA8F0C70>)
2026-09-28 23:15:08,732 - aiosqlite - DEBUG - core.py:67 - operation functools.partial(<built-in method cursor of sqlite3.Connection object at 0x00000178FA8F0C70>) completed
2026-09-28 23:15:08,732 - sqlalchemy.engine.Engine - INFO - base.py:1822 - SELECT article.id, article.title, article.content_md, article.summary, article.tags, article.cover, article.status, article.source, article.ai_model, article.origin_url, article.ext, article.created_at, article.updated_at 
FROM article 
WHERE article.id = ?
2026-09-28 23:15:08,732 - sqlalchemy.engine.Engine - INFO - base.py:1822 - [cached since 0.01909s ago] (1,)
2026-09-28 23:15:08,732 - aiosqlite - DEBUG - core.py:62 - executing functools.partial(<built-in method execute of sqlite3.Cursor object at 0x00000178FA9C9A40>, 'SELECT article.id, article.title, article.content_md, article.summary, article.tags, article.cover, article.status, article.source, article.ai_model, article.origin_url, article.ext, article.created_at, article.updated_at \nFROM article \nWHERE article.id = ?', (1,))
2026-09-28 23:15:08,732 - aiosqlite - DEBUG - core.py:67 - operation functools.partial(<built-in method execute of sqlite3.Cursor object at 0x00000178FA9C9A40>, 'SELECT article.id, article.title, article.content_md, article.summary, article.tags, article.cover, article.status, article.source, article.ai_model, article.origin_url, article.ext, article.created_at, article.updated_at \nFROM article \nWHERE article.id = ?', (1,)) completed
2026-09-28 23:15:08,733 - aiosqlite - DEBUG - core.py:62 - executing functools.partial(<built-in method fetchall of sqlite3.Cursor object at 0x00000178FA9C9A40>)
2026-09-28 23:15:08,733 - aiosqlite - DEBUG - core.py:67 - operation functools.partial(<built-in method fetchall of sqlite3.Cursor object at 0x00000178FA9C9A40>) completed
2026-09-28 23:15:08,733 - aiosqlite - DEBUG - core.py:62 - executing functools.partial(<built-in method close of sqlite3.Cursor object at 0x00000178FA9C9A40>)
2026-09-28 23:15:08,733 - aiosqlite - DEBUG - core.py:67 - operation functools.partial(<built-in method close of sqlite3.Cursor object at 0x00000178FA9C9A40>) completed
2026-09-28 23:15:08,733 - sqlalchemy.engine.Engine - INFO - base.py:2682 - ROLLBACK
2026-09-28 23:15:08,734 - aiosqlite - DEBUG - core.py:62 - executing functools.partial(<built-in method rollback of sqlite3.Connection object at 0x00000178FA8F0C70>)
2026-09-28 23:15:08,734 - aiosqlite - DEBUG - core.py:67 - operation functools.partial(<built-in method rollback of sqlite3.Connection object at 0x00000178FA8F0C70>) completed
2026-09-28 23:15:08,734 - aiosqlite - DEBUG - core.py:62 - executing functools.partial(<built-in method rollback of sqlite3.Connection object at 0x00000178FA8F0C70>)
2026-09-28 23:15:08,734 - httpx - INFO - _client.py:1025 - HTTP Request: PUT http://testserver/api/v1/article/1 "HTTP/1.1 200 OK"
2026-09-28 23:15:08,734 - aiosqlite - DEBUG - core.py:67 - operation functools.partial(<built-in method rollback of sqlite3.Connection object at 0x00000178FA8F0C70>) completed
2026-09-28 23:15:08,736 - sqlalchemy.engine.Engine - INFO - base.py:2679 - BEGIN (implicit)
2026-09-28 23:15:08,736 - aiosqlite - DEBUG - core.py:62 - executing functools.partial(<built-in method cursor of sqlite3.Connection object at 0x00000178FA8F0C70>)
2026-09-28 23:15:08,737 - sqlalchemy.engine.Engine - INFO - base.py:1822 - SELECT article.id, article.title, article.content_md, article.summary, article.tags, article.cover, article.status, article.source, article.ai_model, article.origin_url, article.ext, article.created_at, article.updated_at 
FROM article 
WHERE article.id = ?
2026-09-28 23:15:08,737 - aiosqlite - DEBUG - core.py:67 - operation functools.partial(<built-in method cursor of sqlite3.Connection object at 0x00000178FA8F0C70>) completed
2026-09-28 23:15:08,737 - sqlalchemy.engine.Engine - INFO - base.py:1822 - [cached since 0.01813s ago] (1,)
2026-09-28 23:15:08,737 - aiosqlite - DEBUG - core.py:62 - executing functools.partial(<built-in method execute of sqlite3.Cursor object at 0x00000178FA9CA6C0>, 'SELECT article.id, article.title, article.content_md, article.summary, article.tags, article.cover, article.status, article.source, article.ai_model, article.origin_url, article.ext, article.created_at, article.updated_at \nFROM article \nWHERE article.id = ?', (1,))
2026-09-28 23:15:08,737 - aiosqlite - DEBUG - core.py:67 - operation functools.partial(<built-in method execute of sqlite3.Cursor object at 0x00000178FA9CA6C0>, 'SELECT article.id, article.title, article.content_md, article.summary, article.tags, article.cover, article.status, article.source, article.ai_model, article.origin_url, article.ext, article.created_at, article.updated_at \nFROM article \nWHERE article.id = ?', (1,)) completed
2026-09-28 23:15:08,737 - aiosqlite - DEBUG - core.py:62 - executing functools.partial(<built-in method fetchall of sqlite3.Cursor object at 0x00000178FA9CA6C0>)
2026-09-28 23:15:08,737 - aiosqlite - DEBUG - core.py:67 - operation functools.partial(<built-in method fetchall of sqlite3.Cursor object at 0x00000178FA9CA6C0>) completed
2026-09-28 23:15:08,737 - aiosqlite - DEBUG - core.py:62 - executing functools.partial(<built-in method close of sqlite3.Cursor object at 0x00000178FA9CA6C0>)
2026-09-28 23:15:08,738 - aiosqlite - DEBUG - core.py:67 - operation functools.partial(<built-in method close of sqlite3.Cursor object at 0x00000178FA9CA6C0>) completed
2026-09-28 23:15:08,738 - aiosqlite - DEBUG - core.py:62 - executing functools.partial(<built-in method cursor of sqlite3.Connection object at 0x00000178FA8F0C70>)
2026-09-28 23:15:08,738 - aiosqlite - DEBUG - core.py:67 - operation functools.partial(<built-in method cursor of sqlite3.Connection object at 0x00000178FA8F0C70>) completed
2026-09-28 23:15:08,738 - sqlalchemy.engine.Engine - INFO - base.py:1822 - UPDATE article SET status=? WHERE article.id = ?
2026-09-28 23:15:08,738 - sqlalchemy.engine.Engine - INFO - base.py:1822 - [generated in 0.00042s] ('published', 1)
2026-09-28 23:15:08,739 - aiosqlite - DEBUG - core.py:62 - executing functools.partial(<built-in method execute of sqlite3.Cursor object at 0x00000178FA9C9E40>, 'UPDATE article SET status=? WHERE article.id = ?', ('published', 1))
2026-09-28 23:15:08,739 - aiosqlite - DEBUG - core.py:67 - operation functools.partial(<built-in method execute of sqlite3.Cursor object at 0x00000178FA9C9E40>, 'UPDATE article SET status=? WHERE article.id = ?', ('published', 1)) completed
2026-09-28 23:15:08,739 - aiosqlite - DEBUG - core.py:62 - executing functools.partial(<built-in method close of sqlite3.Cursor object at 0x00000178FA9C9E40>)
2026-09-28 23:15:08,740 - sqlalchemy.engine.Engine - INFO - base.py:2685 - COMMIT
2026-09-28 23:15:08,740 - aiosqlite - DEBUG - core.py:67 - operation functools.partial(<built-in method close of sqlite3.Cursor object at 0x00000178FA9C9E40>) completed
2026-09-28 23:15:08,740 - aiosqlite - DEBUG - core.py:62 - executing functools.partial(<built-in method commit of sqlite3.Connection object at 0x00000178FA8F0C70>)
2026-09-28 23:15:08,742 - aiosqlite - DEBUG - core.py:67 - operation functools.partial(<built-in method commit of sqlite3.Connection object at 0x00000178FA8F0C70>) completed
2026-09-28 23:15:08,742 - aiosqlite - DEBUG - core.py:62 - executing functools.partial(<built-in method rollback of sqlite3.Connection object at 0x00000178FA8F0C70>)
2026-09-28 23:15:08,742 - aiosqlite - DEBUG - core.py:67 - operation functools.partial(<built-in method rollback of sqlite3.Connection object at 0x00000178FA8F0C70>) completed
2026-09-28 23:15:08,743 - sqlalchemy.engine.Engine - INFO - base.py:2679 - BEGIN (implicit)
2026-09-28 23:15:08,743 - aiosqlite - DEBUG - core.py:62 - executing functools.partial(<built-in method cursor of sqlite3.Connection object at 0x00000178FA8F0C70>)
2026-09-28 23:15:08,744 - aiosqlite - DEBUG - core.py:67 - operation functools.partial(<built-in method cursor of sqlite3.Connection object at 0x00000178FA8F0C70>) completed
2026-09-28 23:15:08,744 - sqlalchemy.engine.Engine - INFO - base.py:1822 - SELECT article.id, article.title, article.content_md, article.summary, article.tags, article.cover, article.status, article.source, article.ai_model, article.origin_url, article.ext, article.created_at, article.updated_at 
FROM article 
WHERE article.id = ?
2026-09-28 23:15:08,744 - sqlalchemy.engine.Engine - INFO - base.py:1822 - [cached since 0.031s ago] (1,)
2026-09-28 23:15:08,744 - aiosqlite - DEBUG - core.py:62 - executing functools.partial(<built-in method execute of sqlite3.Cursor object at 0x00000178FA9CA4C0>, 'SELECT article.id, article.title, article.content_md, article.summary, article.tags, article.cover, article.status, article.source, article.ai_model, article.origin_url, article.ext, article.created_at, article.updated_at \nFROM article \nWHERE article.id = ?', (1,))
2026-09-28 23:15:08,745 - aiosqlite - DEBUG - core.py:67 - operation functools.partial(<built-in method execute of sqlite3.Cursor object at 0x00000178FA9CA4C0>, 'SELECT article.id, article.title, article.content_md, article.summary, article.tags, article.cover, article.status, article.source, article.ai_model, article.origin_url, article.ext, article.created_at, article.updated_at \nFROM article \nWHERE article.id = ?', (1,)) completed
2026-09-28 23:15:08,745 - aiosqlite - DEBUG - core.py:62 - executing functools.partial(<built-in method fetchall of sqlite3.Cursor object at 0x00000178FA9CA4C0>)
2026-09-28 23:15:08,745 - aiosqlite - DEBUG - core.py:67 - operation functools.partial(<built-in method fetchall of sqlite3.Cursor object at 0x00000178FA9CA4C0>) completed
2026-09-28 23:15:08,746 - aiosqlite - DEBUG - core.py:62 - executing functools.partial(<built-in method close of sqlite3.Cursor object at 0x00000178FA9CA4C0>)
2026-09-28 23:15:08,746 - aiosqlite - DEBUG - core.py:67 - operation functools.partial(<built-in method close of sqlite3.Cursor object at 0x00000178FA9CA4C0>) completed
2026-09-28 23:15:08,746 - sqlalchemy.engine.Engine - INFO - base.py:2682 - ROLLBACK
2026-09-28 23:15:08,747 - aiosqlite - DEBUG - core.py:62 - executing functools.partial(<built-in method rollback of sqlite3.Connection object at 0x00000178FA8F0C70>)
2026-09-28 23:15:08,747 - aiosqlite - DEBUG - core.py:67 - operation functools.partial(<built-in method rollback of sqlite3.Connection object at 0x00000178FA8F0C70>) completed
2026-09-28 23:15:08,747 - aiosqlite - DEBUG - core.py:62 - executing functools.partial(<built-in method rollback of sqlite3.Connection object at 0x00000178FA8F0C70>)
2026-09-28 23:15:08,747 - aiosqlite - DEBUG - core.py:67 - operation functools.partial(<built-in method rollback of sqlite3.Connection object at 0x00000178FA8F0C70>) completed
2026-09-28 23:15:08,748 - httpx - INFO - _client.py:1025 - HTTP Request: PATCH http://testserver/api/v1/article/1/status "HTTP/1.1 200 OK"
2026-09-28 23:15:08,750 - sqlalchemy.engine.Engine - INFO - base.py:2679 - BEGIN (implicit)
2026-09-28 23:15:08,750 - aiosqlite - DEBUG - core.py:62 - executing functools.partial(<built-in method cursor of sqlite3.Connection object at 0x00000178FA8F0C70>)
2026-09-28 23:15:08,750 - aiosqlite - DEBUG - core.py:67 - operation functools.partial(<built-in method cursor of sqlite3.Connection object at 0x00000178FA8F0C70>) completed
2026-09-28 23:15:08,751 - sqlalchemy.engine.Engine - INFO - base.py:1822 - SELECT article.id, article.title, article.content_md, article.summary, article.tags, article.cover, article.status, article.source, article.ai_model, article.origin_url, article.ext, article.created_at, article.updated_at 
FROM article 
WHERE article.id = ?
2026-09-28 23:15:08,751 - sqlalchemy.engine.Engine - INFO - base.py:1822 - [cached since 0.03244s ago] (1,)
2026-09-28 23:15:08,751 - aiosqlite - DEBUG - core.py:62 - executing functools.partial(<built-in method execute of sqlite3.Cursor object at 0x00000178FA9CA2C0>, 'SELECT article.id, article.title, article.content_md, article.summary, article.tags, article.cover, article.status, article.source, article.ai_model, article.origin_url, article.ext, article.created_at, article.updated_at \nFROM article \nWHERE article.id = ?', (1,))
2026-09-28 23:15:08,752 - aiosqlite - DEBUG - core.py:67 - operation functools.partial(<built-in method execute of sqlite3.Cursor object at 0x00000178FA9CA2C0>, 'SELECT article.id, article.title, article.content_md, article.summary, article.tags, article.cover, article.status, article.source, article.ai_model, article.origin_url, article.ext, article.created_at, article.updated_at \nFROM article \nWHERE article.id = ?', (1,)) completed
2026-09-28 23:15:08,752 - aiosqlite - DEBUG - core.py:62 - executing functools.partial(<built-in method fetchall of sqlite3.Cursor object at 0x00000178FA9CA2C0>)
2026-09-28 23:15:08,753 - aiosqlite - DEBUG - core.py:67 - operation functools.partial(<built-in method fetchall of sqlite3.Cursor object at 0x00000178FA9CA2C0>) completed
2026-09-28 23:15:08,753 - aiosqlite - DEBUG - core.py:62 - executing functools.partial(<built-in method close of sqlite3.Cursor object at 0x00000178FA9CA2C0>)
2026-09-28 23:15:08,753 - aiosqlite - DEBUG - core.py:67 - operation functools.partial(<built-in method close of sqlite3.Cursor object at 0x00000178FA9CA2C0>) completed
2026-09-28 23:15:08,754 - aiosqlite - DEBUG - core.py:62 - executing functools.partial(<built-in method cursor of sqlite3.Connection object at 0x00000178FA8F0C70>)
2026-09-28 23:15:08,754 - aiosqlite - DEBUG - core.py:67 - operation functools.partial(<built-in method cursor of sqlite3.Connection object at 0x00000178FA8F0C70>) completed
2026-09-28 23:15:08,754 - sqlalchemy.engine.Engine - INFO - base.py:1822 - DELETE FROM article WHERE article.id = ?
2026-09-28 23:15:08,754 - sqlalchemy.engine.Engine - INFO - base.py:1822 - [generated in 0.00051s] (1,)
2026-09-28 23:15:08,754 - aiosqlite - DEBUG - core.py:62 - executing functools.partial(<built-in method execute of sqlite3.Cursor object at 0x00000178FA9CA3C0>, 'DELETE FROM article WHERE article.id = ?', (1,))
2026-09-28 23:15:08,755 - aiosqlite - DEBUG - core.py:67 - operation functools.partial(<built-in method execute of sqlite3.Cursor object at 0x00000178FA9CA3C0>, 'DELETE FROM article WHERE article.id = ?', (1,)) completed
2026-09-28 23:15:08,755 - aiosqlite - DEBUG - core.py:62 - executing functools.partial(<built-in method close of sqlite3.Cursor object at 0x00000178FA9CA3C0>)
2026-09-28 23:15:08,755 - aiosqlite - DEBUG - core.py:67 - operation functools.partial(<built-in method close of sqlite3.Cursor object at 0x00000178FA9CA3C0>) completed
2026-09-28 23:15:08,755 - sqlalchemy.engine.Engine - INFO - base.py:2685 - COMMIT
2026-09-28 23:15:08,756 - aiosqlite - DEBUG - core.py:62 - executing functools.partial(<built-in method commit of sqlite3.Connection object at 0x00000178FA8F0C70>)
2026-09-28 23:15:08,758 - aiosqlite - DEBUG - core.py:67 - operation functools.partial(<built-in method commit of sqlite3.Connection object at 0x00000178FA8F0C70>) completed
2026-09-28 23:15:08,758 - aiosqlite - DEBUG - core.py:62 - executing functools.partial(<built-in method rollback of sqlite3.Connection object at 0x00000178FA8F0C70>)
2026-09-28 23:15:08,759 - httpx - INFO - _client.py:1025 - HTTP Request: DELETE http://testserver/api/v1/article/1 "HTTP/1.1 200 OK"
2026-09-28 23:15:08,759 - aiosqlite - DEBUG - core.py:67 - operation functools.partial(<built-in method rollback of sqlite3.Connection object at 0x00000178FA8F0C70>) completed
2026-09-28 23:15:08,761 - sqlalchemy.engine.Engine - INFO - base.py:2679 - BEGIN (implicit)
2026-09-28 23:15:08,762 - aiosqlite - DEBUG - core.py:62 - executing functools.partial(<built-in method cursor of sqlite3.Connection object at 0x00000178FA8F0C70>)
2026-09-28 23:15:08,762 - aiosqlite - DEBUG - core.py:67 - operation functools.partial(<built-in method cursor of sqlite3.Connection object at 0x00000178FA8F0C70>) completed
2026-09-28 23:15:08,762 - sqlalchemy.engine.Engine - INFO - base.py:1822 - SELECT article.id, article.title, article.content_md, article.summary, article.tags, article.cover, article.status, article.source, article.ai_model, article.origin_url, article.ext, article.created_at, article.updated_at 
FROM article 
WHERE article.id = ?
2026-09-28 23:15:08,763 - sqlalchemy.engine.Engine - INFO - base.py:1822 - [cached since 0.04398s ago] (1,)
2026-09-28 23:15:08,763 - aiosqlite - DEBUG - core.py:62 - executing functools.partial(<built-in method execute of sqlite3.Cursor object at 0x00000178FA9C8DC0>, 'SELECT article.id, article.title, article.content_md, article.summary, article.tags, article.cover, article.status, article.source, article.ai_model, article.origin_url, article.ext, article.created_at, article.updated_at \nFROM article \nWHERE article.id = ?', (1,))
2026-09-28 23:15:08,763 - aiosqlite - DEBUG - core.py:67 - operation functools.partial(<built-in method execute of sqlite3.Cursor object at 0x00000178FA9C8DC0>, 'SELECT article.id, article.title, article.content_md, article.summary, article.tags, article.cover, article.status, article.source, article.ai_model, article.origin_url, article.ext, article.created_at, article.updated_at \nFROM article \nWHERE article.id = ?', (1,)) completed
2026-09-28 23:15:08,763 - aiosqlite - DEBUG - core.py:62 - executing functools.partial(<built-in method fetchall of sqlite3.Cursor object at 0x00000178FA9C8DC0>)
2026-09-28 23:15:08,763 - aiosqlite - DEBUG - core.py:67 - operation functools.partial(<built-in method fetchall of sqlite3.Cursor object at 0x00000178FA9C8DC0>) completed
2026-09-28 23:15:08,764 - aiosqlite - DEBUG - core.py:62 - executing functools.partial(<built-in method close of sqlite3.Cursor object at 0x00000178FA9C8DC0>)
2026-09-28 23:15:08,764 - aiosqlite - DEBUG - core.py:67 - operation functools.partial(<built-in method close of sqlite3.Cursor object at 0x00000178FA9C8DC0>) completed
2026-09-28 23:15:08,764 - sqlalchemy.engine.Engine - INFO - base.py:2682 - ROLLBACK
2026-09-28 23:15:08,764 - aiosqlite - DEBUG - core.py:62 - executing functools.partial(<built-in method rollback of sqlite3.Connection object at 0x00000178FA8F0C70>)
2026-09-28 23:15:08,764 - aiosqlite - DEBUG - core.py:67 - operation functools.partial(<built-in method rollback of sqlite3.Connection object at 0x00000178FA8F0C70>) completed
2026-09-28 23:15:08,764 - aiosqlite - DEBUG - core.py:62 - executing functools.partial(<built-in method rollback of sqlite3.Connection object at 0x00000178FA8F0C70>)
2026-09-28 23:15:08,764 - aiosqlite - DEBUG - core.py:67 - operation functools.partial(<built-in method rollback of sqlite3.Connection object at 0x00000178FA8F0C70>) completed
2026-09-28 23:15:08,766 - httpx - INFO - _client.py:1025 - HTTP Request: GET http://testserver/api/v1/article/1 "HTTP/1.1 404 Not Found"
2026-09-28 23:15:08,766 - app.factory - INFO - factory.py:39 - 正在关闭应用资源...
2026-09-28 23:15:09,681 - core.queue - INFO - queue.py:67 - 内存队列已停止
2026-09-28 23:15:09,681 - core.cache - INFO - cache.py:281 - 缓存系统已关闭
2026-09-28 23:15:09,681 - aiosqlite - DEBUG - core.py:62 - executing functools.partial(<built-in method close of sqlite3.Connection object at 0x00000178FA8F0C70>)
2026-09-28 23:15:09,682 - aiosqlite - DEBUG - core.py:67 - operation functools.partial(<built-in method close of sqlite3.Connection object at 0x00000178FA8F0C70>) completed
2026-09-28 23:15:09,682 - aiosqlite - DEBUG - core.py:62 - executing <function Connection.stop.<locals>.close_and_stop at 0x00000178FA8FCF40>
2026-09-28 23:15:09,682 - aiosqlite - DEBUG - core.py:67 - operation <function Connection.stop.<locals>.close_and_stop at 0x00000178FA8FCF40> completed
2026-09-28 23:15:09,682 - core.database - INFO - database.py:137 - 异步数据库连接池已关闭
2026-09-28 23:15:09,682 - app.factory - INFO - factory.py:44 - 应用已安全关闭
